1,Ben Roethlisberger\RoetBe00,QB,PIT,$23950000
2,Matt Ryan\RyanMa00,QB,ATL,$23750000
3,Joe Flacco\FlacJo00,QB,BAL,$22550000
4,Kirk Cousins\CousKi00,QB,WAS,$19953000
5,Cam Newton\NewtCa00,QB,CAR,$19500000
6,Aaron Rodgers\RodgAa00,QB,GNB,$19250000
7,Justin Houston\HousJu00,LB,KAN,$19100000
8,Andrew Luck\LuckAn00,QB,IND,$18400000
9,Sam Bradford\BradSa00,QB,MIN,$18000000
10,Alex Smith\SmitAl03,QB,KAN,$17800000
11,Eli Manning\MannEl00,QB,NYG,$17500000
12,Matthew Stafford\StafMa00,QB,DET,$17000000
,Darrelle Revis\ReviDa99,DB,NYJ,$17000000
,Jay Cutler\CutlJa00,QB,CHI,$17000000
15,Philip Rivers\RivePh00,QB,SDG,$16500000
16,Julio Jones\JoneJu02,WR,ATL,$15900000
17,Demaryius Thomas\ThomDe03,WR,DEN,$15200000
18,Lawrence Timmons\TimmLa99,LB,PIT,$15131250
19,Alshon Jeffery\JeffAl00,WR,CHI,$14599000
20,Trumaine Johnson\JohnTr05,CB,LAR,$13952000
21,Clay Matthews\MattCl99,LB,GNB,$13750000
22,Joe Haden\HadeJo99,DB,CLE,$13400000
23,Kelechi Osemele\OsemKe00,T,OAK,$13200000
24,Andy Dalton\DaltAn00,QB,CIN,$13100000
25,A.J. Green\GreeA.00,WR,CIN,$13000000
26,Ndamukong Suh\SuhxNd99,DT,MIA,$12600000
27,Richard Sherman\SherRi00,DB,SEA,$12569000
28,Bruce Irvin\IrviBr00,DE,OAK,$12500000
29,Jeremy Maclin\MaclJe00,WR,KAN,$12400000
30,Russell Wilson\WilsRu00,QB,SEA,$12342000
31,Brock Osweiler\OsweBr00,QB,HOU,$12000000
,Sam Shields\ShieSa00,DB,GNB,$12000000
33,Colin Kaepernick\KaepCo00,QB,SFO,$11900000
34,Antonio Brown\BrowAn04,WR,PIT,$11883333
35,Ryan Kalil\KaliRy20,C,CAR,$11829000
36,Ryan Tannehill\TannRy00,QB,MIA,$11640000
37,Marcell Dareus\DareMa00,DT,BUF,$11514705
38,Jeremiah Attaochu\AttaJe00,OLB,SDG,$11463000
39,Matt Kalil\KaliMa00,OT,MIN,$11096000
40,Stephon Gilmore\GilmSt00,CB,BUF,$11082000
41,Sean Smith\SmitSe99,DB,OAK,$11000000
,Michael Crabtree\CrabMi00,WR,OAK,$11000000
,Larry Fitzgerald\FitzLa00,WR,ARI,$11000000
,T.Y. Hilton\HiltT.00,WR,IND,$11000000
45,Eric Berry\BerrEr99,DB,KAN,$10806000
46,Maurkice Pouncey\PounMa20,C,PIT,$10551000
47,Julius Peppers\PeppJu99,DE,GNB,$10500000
,J.J. Watt\WattJ.00,DE,HOU,$10500000
49,Cameron Heyward\HeywCa01,DE,PIT,$10400000
50,Branden Albert\AlbeBr20,G,MIA,$10150000
51,Mike Pouncey\PounMi00,OL,MIA,$10025000
52,Malik Jackson\JackMa02,DT,JAX,$10000000
,Corey Liuget\LiugCo00,DT,SDG,$10000000
,Lavonte David\DaviLa00,OLB,TAM,$10000000
55,Aqib Talib\TaliAq99,DB,DEN,$9968750
56,Anthony Castonzo\CastAn00,OL,IND,$9800000
57,Vincent Jackson\JackVi00,WR,TAM,$9777777
58,Brandon Flowers\FlowBr99,DB,SDG,$9750000
,Patrick Peterson\PetePa00,CB,ARI,$9750000
60,Geno Atkins\AtkiGe99,DT,CIN,$9600000
61,Jonathan Stewart\StewJo00,RB,CAR,$9550000
62,Brandon Marshall\MarsBr00,WR,NYJ,$9500000
,Lardarius Webb\WebbLa99,DB,BAL,$9500000
,Duane Brown\BrowDu20,G,HOU,$9500000
,Joe Thomas\ThomJo28,T,CLE,$9500000
,Calais Campbell\CampCa99,DE,ARI,$9500000
67,Randall Cobb\CobbRa00,WR,GNB,$9150000
68,Allen Hurns\HurnAl01,WR,JAX,$9001668
69,Chris Harris\HarrCh01,CB,DEN,$9000000
,Dez Bryant\BryaDe01,WR,DAL,$9000000
71,Dwayne Allen\AlleDw00,TE,IND,$8906250
72,Jimmy Graham\GrahJi00,TE,SEA,$8900000
73,Jason McCourty\McCoJa99,DB,TEN,$8800000
74,Cameron Wake\WakeCa00,LB,MIA,$8525000
75,Byron Maxwell\MaxwBy00,DB,MIA,$8500000
76,Kareem Jackson\JackKa99,DB,HOU,$8437500
77,Vontae Davis\DaviVo99,DB,IND,$8375000
78,Jordy Nelson\NelsJo00,WR,GNB,$8300000
79,Brian Orakpo\OrakBr99,LB,TEN,$8250000
80,Reshad Jones\JoneRe99,DB,MIA,$8202942
81,Jurrell Casey\CaseJu00,DL,TEN,$8120000
82,Kevin Zeitler\ZeitKe00,G,CIN,$8070000
,Riley Reiff\ReifRi00,OT,DET,$8070000
,David DeCastro\DeCaDa00,G,PIT,$8070000
85,Jason Peters\PeteJa21,T,PHI,$8050000
86,DeMarcus Ware\WareDe99,LB,DEN,$8010418
87,Earl Thomas\ThomEa99,DB,SEA,$8000000
,Jared Odrick\OdriJa99,DT,JAX,$8000000
,Andrew Whitworth\WhitAn20,T,CIN,$8000000
,Jordan Cameron\CameJo00,TE,MIA,$8000000
91,Chandler Jones\JoneCh03,DE,ARI,$7799000
92,Robert Quinn\QuinRo00,DE,LAR,$7777777
93,Dont'a Hightower\HighDo01,ILB,NWE,$7751000
,Melvin Ingram\IngrMe00,DE,SDG,$7751000
95,Adrian Peterson\PeteAd01,RB,MIN,$7750000
96,Keenan Allen\AlleKe00,WR,SDG,$7724450
97,Rodney Hudson\HudsRo00,OL,OAK,$7700000
98,LeSean McCoy\McCoLe01,RB,BUF,$7675000
,Pernell McPhee\McPhPe00,DL,CHI,$7675000
100,Adam Jones\JonePa20,DB,CIN,$7604166
101,Pierre Garcon\GarcPi00,WR,WAS,$7600000
102,Jerry Hughes\HughJe99,DE,BUF,$7575000
103,Dre Kirkpatrick\KirkDr00,CB,CIN,$7507000
104,Thomas Davis\DaviTh20,LB,CAR,$7500000
,Dan Williams\WillDa99,DT,OAK,$7500000
,David Harris\HarrDa99,LB,NYJ,$7500000
107,Terrell Suggs\SuggTe99,LB-DE,BAL,$7450000
108,Mike Daniels\DaniMi00,DT,GNB,$7400000
,Jairus Byrd\ByrdJa99,DB,NOR,$7400000
110,Elvis Dumervil\DumeEl20,DE,BAL,$7375000
111,Kendall Wright\WrigKe01,WR,TEN,$7320000
,Michael Floyd\FloyMi00,WR,ARI,$7320000
113,Julius Thomas\ThomJu00,TE,JAX,$7300000
114,Orlando Franklin\FranOr00,OL,SDG,$7200000
115,Carson Palmer\PalmCa00,QB,ARI,$7150000
116,Muhammad Wilkerson\WilkMu00,DT,NYJ,$7000000
,Johnathan Joseph\JoseJo20,DB,HOU,$7000000
118,Lamarr Houston\HousLa99,DT,CHI,$6990000
119,Tyrod Taylor\TaylTy00,QB,BUF,$6919573
120,Everson Griffen\GrifEv99,DE,MIN,$6900000
121,Eric Fisher\FishEr00,OT,KAN,$6854636
122,Derek Wolfe\WolfDe00,DT,DEN,$6800000
123,Michael Mitchell\MitcMi99,DB,PIT,$6763750
124,Alterraun Verner\VernAl99,DB,TAM,$6750000
,Connor Barwin\BarwCo99,DE,PHI,$6750000
,Trent Williams\WillTr21,T,WAS,$6750000
127,Luke Joeckel\JoecLu00,OT,JAX,$6745963
128,Eric Wood\WoodEr20,C,BUF,$6725000
129,Mario Williams\WillMa22,DE,MIA,$6500000
,Jermey Parnell\ParnJe00,T,JAX,$6500000
,Eric Decker\DeckEr00,WR,NYJ,$6500000
132,Danny Trevathan\TrevDa00,OLB,CHI,$6350000
,Tyson Jackson\JackTy98,DE,ATL,$6350000
134,Derrick Morgan\MorgDe99,DE,TEN,$6312500
135,Delanie Walker\WalkHu00,TE,TEN,$6267708
136,Jeff Allen\AlleJe01,T,HOU,$6250000
,Kyle Williams\WillKy20,DT,BUF,$6250000
138,Cordy Glenn\GlenCo00,T,BUF,$6200000
,Tramon Williams\WillTr99,DB,CLE,$6200000
140,T.J. Lang\LangT.20,T,GNB,$6181250
141,Michael Brockers\BrocMi00,DT,LAR,$6146000
,Dontari Poe\PoexDo00,DT,KAN,$6146000
143,Michael Johnson\JohnMi98,DE,CIN,$6125000
,Da'Norris Searcy\SearDa00,DB,TEN,$6125000
145,Donald Penn\PennDo20,T,OAK,$6100000
,Aaron Williams\WillAa00,DB,BUF,$6100000
147,Jadeveon Clowney\ClowJa00,DE,HOU,$6074454
148,Davon House\HousDa00,DB,JAX,$6000000
,Luke Kuechly\KuecLu00,ILB,CAR,$6000000
,C.J. Anderson\AndeC.00,RB,DEN,$6000000
,Nate Solder\SoldNa00,T,NWE,$6000000
,Charles Clay\ClayCh00,TE,BUF,$6000000
,DeMarco Murray\MurrDe00,RB,TEN,$6000000
,Reggie Nelson\NelsRe99,DB,OAK,$6000000
,Cliff Avril\AvriCl99,DE,SEA,$6000000
,Gerald McCoy\McCoGe99,DT,TAM,$6000000
157,Dominique Rodgers-Cromartie\RodgDo99,DB,NYG,$5980000
158,Morgan Burnett\BurnMo99,DB,GNB,$5956250
159,Carlos Dunlap\DunlCa99,DE,CIN,$5950000
160,Austin Howard\HowaAu20,T,OAK,$5900000
161,NaVorro Bowman\BowmNa99,LB,SFO,$5850000
162,Perrish Cox\CoxxPe99,DB,TEN,$5833333
163,Bobby Massie\MassBo00,T,CHI,$5818750
164,Whitney Mercilus\MercWh00,DE,HOU,$5800000
165,T.J. Ward\WardT.99,DB,DEN,$5750000
,D'Qwell Jackson\JackDQ20,LB,IND,$5750000
167,Linval Joseph\JoseLi99,DT,MIN,$5650000
,Kyle Rudolph\RudoKy00,TE,MIN,$5650000
169,Blake Bortles\BortBl00,QB,JAX,$5633130
170,Nick Mangold\MangNi20,C,NYJ,$5600000
171,Prince Amukamara\AmukPr00,CB,JAX,$5593750
172,Marcus Mariota\MariMa01,QB,TEN,$5503176
173,Lamar Miller\MillLa01,RB,HOU,$5500000
,Derek Newton\NewtDe00,OL,HOU,$5500000
,Vince Wilfork\WilfVi20,NT-DT,HOU,$5500000
,Antonio Gates\GateAn00,TE,SDG,$5500000
177,Bryan Bulaga\BulaBr20,T,GNB,$5462500
178,Sammy Watkins\WatkSa00,WR,BUF,$5436983
179,Joe Staley\StalJo20,T,SFO,$5400000
180,Kelvin Beachum\BeacKe00,T,JAX,$5375000
,Andy Levitre\LeviAn20,G,ATL,$5375000
182,Dante Fowler\FowlDa00,OLB,JAX,$5338694
183,Jamaal Charles\CharJa00,RB,KAN,$5312500
184,Harrison Smith\SmitHa00,FS,MIN,$5278000
185,K.J. Wright\WrigK.00,LB,SEA,$5250000
,DeAndre Levy\LevyDe99,LB,DET,$5250000
187,Allen Bailey\BailAl00,DL,KAN,$5212500
188,Russell Okung\OkunRu20,T,DEN,$5200000
189,Amari Cooper\CoopAm00,WR,OAK,$5150708
190,King Dunlap\DunlKi20,T,SDG,$5143750
191,Casey Hayward\HaywCa00,DB,SDG,$5133333
192,Paul Posluszny\PoluPa99,LB,JAX,$5104166
193,Greg Olsen\OlseGr00,TE,CAR,$5100000
,Jimmy Smith\SmitJi03,CB,BAL,$5100000
,Kam Chancellor\ChanKa99,DB,SEA,$5100000
196,Trent Cole\ColeTr20,DE-LB,IND,$5093750
197,Khalil Mack\MackKh00,OLB,OAK,$5093727
198,Martellus Bennett\BennMa00,TE,NWE,$5085000
199,George Iloka\IlokGe00,FS,CIN,$5075000
200,Marquette King\KingMa00,P,OAK,$5050000
201,Robert Griffin\GrifRo01,QB,CLE,$5046875
202,Josh McCown\McCoJo01,QB,CLE,$5041666
203,Mark Barron\BarrMa00,SS,LAR,$5000000
,Robert Ayers\AyerRo99,DE,TAM,$5000000
,Ryan Kerrigan\KerrRy00,DE,WAS,$5000000
,Marcus Gilchrist\GilcMa00,DB,NYJ,$5000000
,Breno Giacomini\GiacBr20,G,NYJ,$5000000
,Brian Cushing\CushBr99,LB,HOU,$5000000
,Josh Norman\NormJo01,CB,WAS,$5000000
,Robert Mathis\MathRo20,DE,IND,$5000000
211,Ahmad Brooks\BrooAh21,LB,SFO,$4900000
212,Nick Perry\PerrNi00,DE,GNB,$4875000
213,Corey Graham\GrahCo99,DB,BUF,$4775000
214,Chad Henne\HennCh01,QB,JAX,$4750000
,Golden Tate\TateGo00,WR,DET,$4750000
,Josh Sitton\SittJo20,G,CHI,$4750000
,Clint Boling\BoliCl00,OL,CIN,$4750000
218,Joey Bosa\BosaJo00,DE,SDG,$4704306
219,Sen'Derrick Marks\MarkSe99,DT,JAX,$4675000
220,Giovani Bernard\BernGi00,RB,CIN,$4621517
221,Jeremy Zuttah\ZuttJe20,G,BAL,$4607206
222,Joe Barksdale\BarkJo00,OL,SDG,$4550000
223,Vincent Rey\ReyxVi00,LB,CIN,$4500000
,Michael Oher\OherMi20,T,CAR,$4500000
,Akiem Hicks\HickAk00,DE,CHI,$4500000
,Rodger Saffold\SaffRo20,T,LAR,$4500000
,Devin McCourty\McCoDe99,DB,NWE,$4500000
,Antoine Bethea\BethAn20,DB,SFO,$4500000
,Eddie Royal\RoyaEd00,WR,CHI,$4500000
,Torrey Smith\SmitTo02,WR,SFO,$4500000
,Mike Iupati\IupaMi20,G,ARI,$4500000
232,Jake Matthews\MattJa00,OT,ATL,$4480773
233,Dustin Colquitt\ColqDu20,P,KAN,$4450000
234,Erik Walden\WaldEr99,DE,IND,$4250000
,DeAngelo Hall\HallDe99,DB,WAS,$4250000
,Brandon Carr\CarrBr99,DB,DAL,$4250000
,Barry Church\ChurBa99,DB,DAL,$4250000
,Wesley Woodyard\WoodWe20,LB,TEN,$4250000
,Kyle Long\LongKy00,OT,CHI,$4250000
,Jason Pierre-Paul\PierJa99,DE,NYG,$4250000
,Kendall Langford\LangKe98,DE,IND,$4250000
242,Jalen Ramsey\RamsJa00,FS,JAX,$4245636
243,Tashaun Gipson\GipsTa00,DB,JAX,$4206250
244,Captain Munnerlyn\MunnCa99,DB,MIN,$4200000
245,Shawn Williams\WillSh02,SS,CIN,$4188986
246,Steve Smith\SmitSt01,WR,BAL,$4166668
247,Rey Maualuga\MauaRe99,LB,CIN,$4084375
248,Marcus Gilbert\GilbMa00,OL,PIT,$4068500
249,Alex Mack\MackAl20,C,ATL,$4050000
,David Amerson\AmerDa00,CB,OAK,$4050000
251,Marshal Yanda\YandMa20,T,BAL,$4010220
252,Marcedes Lewis\LewiMa00,TE,JAX,$4000000
,Glover Quin\QuinGl99,DB,DET,$4000000
,Brandon Graham\GrahBr99,DE,PHI,$4000000
,Jason Kelce\KelcJa00,OL,PHI,$4000000
,Jerrell Freeman\FreeJe00,LB,CHI,$4000000
,Jabaal Sheard\SheaJa00,DL,NWE,$4000000
,Patrick Robinson\RobiPa99,DB,IND,$4000000
,Shawn Lauvao\LauvSh20,G,WAS,$4000000
,Doug Free\FreeDo20,T,DAL,$4000000
,Donald Stephenson\StepDo00,T,DEN,$4000000
,Travis Benjamin\BenjTr00,WR,SDG,$4000000
,Frank Gore\GoreFr00,RB,IND,$4000000
,Michael Bennett\BennMi99,DE,SEA,$4000000
,Doug Martin\MartDo00,RB,TAM,$4000000
266,Roy Miller\MillRo99,DT,JAX,$3975000
267,Sebastian Janikowski\janikseb01,K,OAK,$3960000
268,Chance Warmack\WarmCh00,OG,TEN,$3871206
269,Tracy Porter\PortTr99,DB,CHI,$3868750
270,Graham Gano\GanoGr44,P,CAR,$3850000
271,Tamba Hali\HaliTa20,DE,KAN,$3802083
272,Kevin White\WhitKe00,WR,CHI,$3764329
273,Brian Robison\RobiBr98,DE,MIN,$3750000
,Eric Weddle\WeddEr99,DB,BAL,$3750000
,DeSean Jackson\JackDe00,WR,WAS,$3750000
276,Domata Peko\PekoDo20,DT,CIN,$3725000
277,Ronnie Stanley\StanRo00,OT,BAL,$3724423
278,Case Keenum\KeenCa00,QB,LAR,$3635000
279,D.J. Fluker\FlukDJ00,OT,SDG,$3628067
280,Dan Skuta\SkutDa00,LB,JAX,$3600000
,Kenny Britt\BritKe00,WR,LAR,$3600000
,Ron Parker\ParkRo01,CB,KAN,$3600000
283,Letroy Guion\GuioLe99,DT,GNB,$3516666
284,Brandon Mebane\MebaBr99,DT,SDG,$3500000
,Brent Grimes\GrimBr20,DB,TAM,$3500000
,Darren Sproles\SproDa00,RB,PHI,$3500000
,Mike Wallace\WallMi00,WR,BAL,$3500000
,Justin Tucker\TuckJu00,K,BAL,$3500000
,Ryan Clady\CladRy20,T,NYJ,$3500000
,Earl Mitchell\MitcEa99,DT,MIA,$3500000
,Jaye Howard\HowaJa00,DT,KAN,$3500000
,Derrick Johnson\JohnDe25,LB,KAN,$3500000
293,Chris Ivory\IvorCh00,RB,JAX,$3468750
294,Brooks Reed\ReedBr00,DL,ATL,$3440000
295,Marcus Cannon\CannMa00,OL,NWE,$3400000
296,Rishard Matthews\MattRi00,WR,TEN,$3333333
297,Vontaze Burfict\BurfVo00,LB,CIN,$3322059
298,Vic Beasley\BeasVi00,OLB,ATL,$3294370
299,D.J. Hayden\HaydDJ00,CB,OAK,$3284813
300,Darian Stewart\StewDa00,DB,DEN,$3250000
,Lance Kendricks\KendLa00,TE,LAR,$3250000
,Richie Incognito\IncoRi20,G,BUF,$3250000
,Joe Reitz\ReitJo00,T,IND,$3250000
,Adam Vinatieri\vinatada01,K,IND,$3250000
305,Shaun Hill\HillSh00,QB,MIN,$3200000
,Demario Davis\DaviDe00,OLB,CLE,$3200000
,Dennis Pitta\PittDe00,TE,BAL,$3200000
308,Anthony Fasano\FasaAn00,TE,TEN,$3187500
309,Matt Bryant\bryanmat01,K,ATL,$3183333
310,Shane Vereen\VereSh00,RB,NYG,$3150000
311,Phil Dawson\dawsophi01,K,SFO,$3134000
312,Arthur Moats\MoatAr00,LB,PIT,$3133333
313,Taylor Lewan\LewaTa00,OT,TEN,$3132274
314,Koa Misi\MisiKo99,LB,MIA,$3120500
315,Brandon Fusco\FuscBr00,OL,MIN,$3120000
316,Sam Koch\KochSa20,P,BAL,$3100000
317,Star Lotulelei\LotuSt00,DT,CAR,$3055977
318,Kevin Huber\HubeKe20,P,CIN,$3020000
319,Arthur Jones\JoneAr22,DT,IND,$3011764
320,Bobby Wagner\WagnBo00,ILB,SEA,$3000000
,Michael Griffin\GrifMi99,DB,CAR,$3000000
,Marvin Jones\JoneMa02,WR,DET,$3000000
,Nate Allen\AlleNa99,DB,OAK,$3000000
,Ryan Mathews\MathRy00,RB,PHI,$3000000
,William Hayes\HayeWi99,DE,LAR,$3000000
,Malcolm Smith\SmitMa02,OLB,OAK,$3000000
,Justin Forsett\ForsJu00,RB,2TM,$3000000
,Adrian Clayborn\ClayAd00,DL,ATL,$3000000
,Jermaine Gresham\GresJe00,TE,ARI,$3000000
,Darius Butler\ButlDa99,DB,IND,$3000000
,Gosder Cherilus\CherGo20,T,TAM,$3000000
,Danny Woodhead\WoodDa02,RB,SDG,$3000000
,Tyson Alualu\AluaTy99,DT,JAX,$3000000
334,Dwayne Harris\HarrDw00,WR,NYG,$2975000
335,Zach Miller\MillZa02,TE,CHI,$2968750
336,Travis Kelce\KelcTr00,TE,KAN,$2948226
337,Ezekiel Ansah\AnsaEz00,DE,DET,$2940621
338,John Greco\GrecJo20,T,CLE,$2925000
339,Paul Soliai\SoliPa99,DT,CAR,$2906250
340,Virgil Green\GreeVi00,TE,DEN,$2900000
,John Hughes\HughJo00,DT,2TM,$2900000
342,Jack Conklin\ConkJa00,OT,TEN,$2890483
343,Leonard Floyd\FloyLe00,OLB,CHI,$2869611
344,Dennis Kelly\KellDe00,OT,TEN,$2850000
,Mychal Kendricks\KendMy00,ILB,PHI,$2850000
346,Andy Lee\LeexAn20,P,CAR,$2833000
347,EJ Manuel\ManuEJ00,QB,BUF,$2827141
348,Ted Ginn\GinnTe00,WR,CAR,$2775000
349,Jarvis Jones\JoneJa05,OLB,PIT,$2769933
350,Lee Smith\SmitLe00,TE,OAK,$2750000
,Buster Skrine\SkriBu00,DB,NYJ,$2750000
,Jared Cook\CookJa02,TE,GNB,$2750000
,Nick Folk\FolkNi20,K,NYJ,$2750000
,Chris Clark\ClarCh21,T,HOU,$2750000
,Clinton McDonald\McDoCl99,DT,TAM,$2750000
356,Harry Douglas\DougHa00,WR,TEN,$2733333
357,Andre Branch\BranAn00,DE,MIA,$2703125
358,Brett Kern\KernBr20,P,TEN,$2700000
,Chris Baker\BakeCh99,DT,WAS,$2700000
,Tramaine Brock\BrocTr00,DB,SFO,$2700000
,Matthew Bosher\BoshMa00,K,ATL,$2700000
,Pat McAfee\McAfPa44,K,IND,$2700000
,Steven Hauschka\HausSt00,K,SEA,$2700000
364,Jonathan Babineaux\BabiJo20,DE-DT,ATL,$2666668
365,Danny Shelton\ShelDa01,DT,CLE,$2659924
366,Tyler Eifert\EifeTy00,TE,CIN,$2626909
367,Akeem Dent\DentAk00,LB,HOU,$2625000
368,Chris Chester\ChesCh21,G,ATL,$2600000
369,Desmond Trufant\TrufDe00,CB,ATL,$2598303
370,Ryan Shazier\ShazRy00,OLB,PIT,$2592876
371,Dan Carpenter\CarpDa44,K,BUF,$2587500
372,Jacob Tamme\TammJa00,TE,ATL,$2584375
373,Isa Abdul-Quddus\AbduIs00,S,MIA,$2583333
374,Ed Dickson\DickEd00,TE,CAR,$2566666
375,DeAngelo Williams\WillDe02,RB,PIT,$2565000
376,Charles Johnson\JohnCh98,DE,CAR,$2562500
,Gary Barnidge\BarnGa01,TE,CLE,$2562500
378,Abry Jones\JoneAb00,DT,JAX,$2553000
,Mike Remmers\RemmMi00,T,CAR,$2553000
,Matt McGloin\McGlMa01,QB,OAK,$2553000
,Kamar Aiken\AikeKa00,WR,BAL,$2553000
,Ronald Leary\LearRo00,G,DAL,$2553000
,Ryan Schraeder\SchrRy00,T,ATL,$2553000
,Paul Worrilow\WorrPa00,LB,ATL,$2553000
,Jahleel Addae\AddaJa00,S,SDG,$2553000
,Bradley McDougald\McDoBr01,FS,TAM,$2553000
387,Evan Dietrich-Smith\DietEv00,G,TAM,$2500000
,Leodis McKelvin\McKeLe99,DB,PHI,$2500000
,Tony Bergstrom\BergTo00,OT,HOU,$2500000
,Emmanuel Sanders\SandEm00,WR,DEN,$2500000
,Malcolm Jenkins\JenkMa99,DB,PHI,$2500000
,Julian Edelman\EdelJu00,WR,NWE,$2500000
,Andre Smith\SmitAn23,T,MIN,$2500000
,Rashad Johnson\JohnRa98,DB,TEN,$2500000
,Dan Bailey\BailDa00,K,DAL,$2500000
,Joe Hawley\HawlJo20,G,TAM,$2500000
397,William Gay\GayxWi99,DB,PIT,$2483333
398,Jonathan Casillas\CasiJo99,LB,NYG,$2475000
399,DeVante Parker\ParkDe01,WR,MIA,$2471942
400,Sean Spence\SpenSe00,LB,TEN,$2468750
,Al Woods\WoodAl99,DT,TEN,$2468750
402,Ryan Succop\SuccRy44,K,TEN,$2466666
403,Datone Jones\JoneDa03,DE,GNB,$2455280
404,Johnny Hekker\HekkJo00,P,LAR,$2444444
405,Ladarius Green\GreeLa00,TE,PIT,$2437500
,Brandon LaFell\LaFeBr00,WR,CIN,$2437500
407,DeAndre Hopkins\HopkDe00,WR,HOU,$2426678
408,Melvin Gordon\GordMe00,RB,SDG,$2424948
409,Ramon Foster\FostRa21,T,PIT,$2416666
410,Sylvester Williams\WillSy00,DT,DEN,$2412375
411,Mohamed Sanu\SanuMo00,WR,ATL,$2400000
,Mitchell Schwartz\SchwMi00,T,KAN,$2400000
,Mason Crosby\CrosMa20,K,GNB,$2400000
,Victor Cruz\CruzVi00,WR,NYG,$2400000
415,C.J. Mosley\MoslC.00,ILB,BAL,$2396728
416,Ben Jones\JoneBe01,C,TEN,$2375000
417,Cole Beasley\BeasCo00,WR,DAL,$2356000
418,Greg Robinson\RobiGr01,OT,LAR,$2354918
419,Chad Greenway\GreeCh99,LB,MIN,$2300000
,Tom Johnson\JohnTo01,DT,MIN,$2300000
,Stephen Gostkowski\GostSt20,K,NWE,$2300000
422,Ja'Wuan James\JameJa01,OT,MIA,$2298654
423,Kevin Johnson\JohnKe04,CB,HOU,$2283957
424,Ha Ha Clinton-Dix\ClinHa00,FS,GNB,$2274137
425,Laremy Tunsil\TunsLa00,OT,MIA,$2265027
426,Matt Prater\PratMa20,K,DET,$2250000
,Karl Klug\KlugKa00,DL,TEN,$2250000
,Rob Gronkowski\GronRo00,TE,NWE,$2250000
,Eugene Sims\SimsEu99,LB,LAR,$2250000
,Derrick Shelby\ShelDe00,DE,ATL,$2250000
,James Starks\StarJa00,RB,GNB,$2250000
432,Rashad Jennings\JennRa00,RB,NYG,$2230000
433,Dee Ford\FordDe00,DE,KAN,$2225100
434,Mike Adams\AdamMi21,DB,IND,$2209375
435,Jamize Olawale\OlawJa00,FB,OAK,$2190000
436,Kurt Coleman\ColeKu99,LB,CAR,$2184375
437,Marcus Peters\PeteMa00,CB,KAN,$2178217
438,Darqueze Dennard\DennDa00,CB,CIN,$2176063
439,Karl Joseph\JoseKa00,SS,OAK,$2160785
440,Jason Verrett\VerrJa00,CB,SDG,$2151546
441,Brad Nortman\NortBr00,P,JAX,$2150000
442,Cameron Erving\ErviCa00,OT,CLE,$2142969
443,Matt Elam\ElamMa00,SS,BAL,$2140997
444,Cedric Ogbuehi\OgbuCe00,OT,CIN,$2119472
445,Corey Coleman\ColeCo00,WR,CLE,$2119090
446,Bud Dupree\DuprAl00,DE,PIT,$2095973
447,Shareece Wright\WrigSh00,DB,BAL,$2093333
448,Kelvin Benjamin\BenjKe00,WR,CAR,$2090250
449,Shane Ray\RayxSh00,DE,DEN,$2072476
450,Shaq Thompson\ThomSh01,OLB,CAR,$2001983
451,Matt Cassel\CassMa00,QB,TEN,$2000000
,Haloti Ngata\NgatHa20,DT,DET,$2000000
,Nigel Bradham\BradNi00,OLB,PHI,$2000000
,Von Miller\MillVo00,LB,DEN,$2000000
,Andre Holmes\HolmAn00,WR,OAK,$2000000
,Brian Hoyer\HoyeBr00,QB,CHI,$2000000
,Ricky Jean-Francois\JeanRi99,DT,WAS,$2000000
,Karlos Dansby\DansKa20,LB,CIN,$2000000
,Kory Lichtensteiger\LichKo20,C,WAS,$2000000
,Ryan Fitzpatrick\FitzRy00,QB,NYJ,$2000000
,Antonio Cromartie\CromAn20,DB,IND,$2000000
,Mark Sanchez\SancMa00,QB,DAL,$2000000
,Anthony Sherman\SherAn00,RB,KAN,$2000000
,Jeremy Lane\LaneJe00,CB,SEA,$2000000
465,Breshad Perriman\PerrBr02,WR,BAL,$1978481
466,Keanu Neal\NealKe01,FS,ATL,$1952299
467,Derek Anderson\AndeDe00,QB,CAR,$1950000
468,Ryan Kelly\KellRy00,C,IND,$1900178
469,Jarius Wright\WrigJa02,WR,MIN,$1900000
470,Bradley Roby\RobyBr00,CB,DEN,$1896144
471,Kendrick Lewis\LewiKe00,DB,BAL,$1866667
472,Phillip Dorsett\DorsPh00,WR,IND,$1848958
473,Will Fuller\FullWi01,WR,HOU,$1848057
474,Dwayne Gratz\GratDw00,CB,2TM,$1845394
475,Dallas Thomas\ThomDa04,OT,MIA,$1822564
476,Markus Wheaton\WheaMa00,WR,PIT,$1818844
477,Shane Lechler\LechSh20,P,HOU,$1800000
,Glenn Dorsey\DorsGl99,DT,SFO,$1800000
479,Brandon Williams\WillBr02,DT,BAL,$1799750
480,Damarious Randall\RandDa00,FS,GNB,$1799030
481,Jelani Jenkins\JenkJe00,OLB,MIA,$1789172
482,Dion Sims\SimsDi00,TE,MIA,$1787888
483,Brian Schwenke\SchwBr00,C,TEN,$1787065
484,David Bakhtiari\BakhDa00,OT,GNB,$1784850
485,Jah Reid\ReidJa00,OT,KAN,$1768750
486,Shaq Lawson\LawsSh00,DE,BUF,$1751904
487,Matt Schaub\SchaMa00,QB,ATL,$1750000
,Allen Barbre\BarbAl20,T,PHI,$1750000
,Damon Harrison\HarrDa03,DT,NYG,$1750000
,Olivier Vernon\VernOl00,DE,NYG,$1750000
,Tahir Whitehead\WhitTa00,OLB,DET,$1750000
,Donnie Jones\JoneDo21,P,PHI,$1750000
,Steve McLendon\McLeSt00,DT,NYJ,$1750000
,Jerraud Powers\PoweJe99,DB,BAL,$1750000
,Jared Crick\CricJa00,DT,DEN,$1750000
,Stephen Tulloch\TullSt20,LB,PHI,$1750000
,Blaine Gabbert\GabbBl00,QB,SFO,$1750000
,Corey Peters\PeteCo00,DT,ARI,$1750000
,Demar Dotson\DotsDe00,T,TAM,$1750000
,Brandon Myers\MyerBr00,TE,TAM,$1750000
501,Levine Toilolo\ToilLe00,TE,ATL,$1746146
502,Artie Burns\BurnAr00,CB,PIT,$1743814
503,Jonathan Cyprien\CyprJo00,SS,JAX,$1740170
504,Paxton Lynch\LyncPa00,QB,DEN,$1722963
505,Micah Hyde\HydeMi00,CB,GNB,$1715527
506,Ricky Wagner\WagnRi00,OT,BAL,$1707140
507,Kenny Clark\ClarKe01,DT,GNB,$1702117
508,Brice McCain\McCaBr99,DB,TEN,$1700000
,Dwight Lowery\LoweDw99,DB,SDG,$1700000
,Dannell Ellerbe\ElleDa99,LB,NOR,$1700000
,Britton Colquitt\ColqBr00,P,CLE,$1700000
,C.J. Spiller\SpilC.00,RB,2TM,$1700000
513,Mychal Rivera\RiveMy00,TE,OAK,$1697213
514,Kenny Vaccaro\VaccKe00,FS,NOR,$1690188
515,Marquess Wilson\WilsMa02,WR,CHI,$1682787
,Willie Young\YounWi99,DE,CHI,$1682787
517,Kemal Ishmael\IshmKe00,DB,ATL,$1682474
518,Sheldon Richardson\RichSh00,DT,NYJ,$1671530
519,Russell Shepard\ShepRu00,WR,TAM,$1671000
,Akeem Spence\SpenAk00,DT,TAM,$1671000
,Luke Willson\WillLu00,TE,SEA,$1671000
,Zach Line\LineZa01,FB,MIN,$1671000
,Benny Cunningham\CunnBe01,RB,LAR,$1671000
,T.J. McDonald\McDoTJ00,FS,LAR,$1671000
,Brian Winters\WintBr00,OG,NYJ,$1671000
,Corbin Bryant\BryaCo00,DE,BUF,$1671000
,Jordan Mills\MillJo02,OT,BUF,$1671000
,A.J. Bouye\BouyA.00,CB,HOU,$1671000
,Don Jones\JoneDo02,SS,2TM,$1671000
,Austin Pasztor\PaszAu00,OL,CLE,$1671000
,Terrelle Pryor\PryoTe00,QB,CLE,$1671000
,Gerald Hodges\HodgGe00,OLB,SFO,$1671000
,John Simon\SimoJo01,DE,HOU,$1671000
,John Jenkins\JenkJo00,DT,2TM,$1671000
,Tim Lelito\LeliTi00,G,NOR,$1671000
,Michael Wilhoite\WilhMi00,LB,SFO,$1671000
,Jaron Brown\BrowJa03,WR,ARI,$1671000
,Kenny Stills\StilKe00,WR,MIA,$1671000
,Larry Donnell\DonnLa00,TE,NYG,$1671000
,Andre Ellington\ElliAn00,RB,ARI,$1671000
,Tony Jefferson\JeffTo00,FS,ARI,$1671000
,Alex Okafor\OkafAl00,DE,ARI,$1671000
,Jack Doyle\DoylJa00,TE,IND,$1671000
,D.J. Swearinger\SweaDJ00,FS,ARI,$1671000
,William Gholston\GholWi00,DE,TAM,$1671000
,Sio Moore\MoorSi00,OLB,2TM,$1671000
547,Darrell Stuckey\StucDa20,S,SDG,$1668750
548,Duron Harmon\HarmDu00,FS,NWE,$1665000
549,Ryan Harris\HarrRy20,T,PIT,$1662500
550,Bennie Logan\LogaBe00,DT,PHI,$1661000
,Logan Ryan\RyanLo00,CB,NWE,$1661000
,J.J. Wilcox\WilcJ.00,S,DAL,$1661000
,Terrance Williams\WillTe01,WR,DAL,$1661000
554,Nickell Robey-Coleman\RobeNi00,CB,BUF,$1658333
555,Nick Foles\FoleNi00,QB,KAN,$1656250
556,Terence Newman\NewmTe20,DB,MIN,$1650000
557,Larry Warford\WarfLa00,OG,DET,$1646000
558,Manti Te'o\TeoxMa00,ILB,SDG,$1645770
559,Mario Addison\AddiMa00,DE,CAR,$1620000
560,Ted Larsen\LarsTe20,C,CHI,$1612500
561,Luke Stocker\StocLu00,TE,TAM,$1600000
,Alex Boone\BoonAl21,T,MIN,$1600000
563,Anthony Barr\BarrAn00,OLB,MIN,$1578500
564,Eric Reid\ReidEr00,FS,SFO,$1561464
565,Mike Nugent\nugenmik01,K,CIN,$1550000
,Anquan Boldin\BoldAn00,WR,DET,$1550000
567,Robert Woods\WoodRo02,WR,BUF,$1548518
568,Vernon Butler\ButlVe00,DT,CAR,$1526639
569,Menelik Watson\WatsMe00,OT,OAK,$1525635
570,Mike Glennon\GlenMi00,QB,TAM,$1517719
571,Xavier Su'a-Filo\Sua-Xa00,OG,HOU,$1514073
572,Jason Jones\JoneJa99,DT,MIA,$1502188
573,Jarvis Jenkins\JenkJa01,DL,2TM,$1500000
,Chris Maragos\MaraCh99,DB,PHI,$1500000
,Cory Harkey\HarkCo00,TE,LAR,$1500000
,Josh Robinson\RobiJo01,CB,TAM,$1500000
,Antwon Blake\BlakAn00,CB,TEN,$1500000
,Scott Tolzien\TolzSc00,QB,IND,$1500000
,Ryan Mallett\MallRy00,QB,BAL,$1500000
,Percy Harvin\HarvPe00,WR,BUF,$1500000
,Reggie Bush\BushRe00,RB,BUF,$1500000
,J.T. Thomas\ThomJ.02,LB,NYG,$1500000
,James Harrison\HarrJa23,LB,PIT,$1500000
,Chris Conte\ContCh00,DB,TAM,$1500000
585,Joel Bitonio\BitoJo00,OT,CLE,$1489554
586,Mike Tolbert\TolbMi00,RB,CAR,$1475000
587,Kawann Short\ShorKa00,DT,CAR,$1473192
588,Quintin Demps\DempQu99,DB,HOU,$1470000
589,Sean Weatherspoon\WeatSe99,LB,ATL,$1468750
,Dashon Goldson\GoldDa99,DB,ATL,$1468750
591,Derek Carr\CarrDe02,QB,OAK,$1465037
592,Ra'Shede Hageman\HageRa00,DT,ATL,$1455230
593,Emmanuel Lamur\LamuEm00,LB,MIN,$1450000
,Marcus Sherels\SherMa20,DB,MIN,$1450000
,Lane Taylor\TaylLa01,G,GNB,$1450000
,Marshall Newhouse\NewhMa20,GT,NYG,$1450000
597,Jermon Bushrod\BushJe20,T,MIA,$1437500
598,Marqise Lee\LeexMa00,WR,JAX,$1411097
599,Janoris Jenkins\JenkJa03,CB,NYG,$1400000
,Kendall Reyes\ReyeKe00,DT,2TM,$1400000
,Patrick Chung\ChunPa99,DB,NWE,$1400000
,Courtney Upshaw\UpshCo00,OLB,ATL,$1400000
,Sherrick McManis\McMaSh99,DB,CHI,$1400000
,Matt Moore\MoorMa01,QB,MIA,$1400000
605,Odell Beckham\BeckOd00,WR,NYG,$1366018
606,Daryl Smith\SmitDa24,LB,TAM,$1350000
,Vernon Davis\DaviVe00,TE,WAS,$1350000
,Cody Wallace\WallCo20,C,PIT,$1350000
609,T.J. Yeldon\YeldT.00,RB,JAX,$1344040
610,Aaron Donald\DonaAa00,DT,LAR,$1341500
611,Arian Foster\FostAr00,RB,MIA,$1338750
612,Alvin Bailey\BailAl01,OG,CLE,$1333333
613,Cyrus Kouandjio\KouaCy00,OT,BUF,$1311497
614,Andrew Gachkar\GachAn00,OLB,DAL,$1300000
615,Fletcher Cox\CoxxFl00,DT,PHI,$1299000
616,Eddie Goldman\GoldEd00,DT,CHI,$1292344
617,Stephon Tuitt\TuitSt00,DT,PIT,$1257122
618,Devin Funchess\FuncDe00,WR,CAR,$1254747
619,Tyvon Branch\BranTy99,DB,ARI,$1250000
,Tim Barnes\BarnTi01,C,LAR,$1250000
,Danny Amendola\AmenDa00,WR,NWE,$1250000
,Brian Quick\QuicBr00,WR,LAR,$1250000
,Chris Long\LongCh99,DE,NWE,$1250000
,Lawrence Guy\GuyxLa00,DT,BAL,$1250000
,Niles Paul\PaulNi00,WR,WAS,$1250000
,Morris Claiborne\ClaiMo00,CB,DAL,$1250000
,Zach Brown\BrowZa00,OLB,BUF,$1250000
,Jordan Reed\ReedJo02,TE,WAS,$1250000
,Tyrone Crawford\CrawTy00,DE,DAL,$1250000
,J'Marcus Webb\WebbJM20,T,SEA,$1250000
,Darren McFadden\McFaDa00,RB,DAL,$1250000
,John Jerry\JerrJo20,G,NYG,$1250000
,Jared Veldheer\VeldJa20,T,ARI,$1250000
634,Zack Martin\MartZa00,OT,DAL,$1235255
635,Eric Ebron\EbroEr00,TE,DET,$1233558
636,Pat Sims\SimsPa99,DT,CIN,$1225000
,Anthony Davis\DaviAn27,T,SFO,$1225000
638,Benardrick McKinney\McKiBe00,ILB,HOU,$1214801
639,Cedric Peerman\PeerCe00,RB,CIN,$1210000
640,Emmanuel Ogbah\OgbaEm00,DE,CLE,$1201753
641,Alan Branch\BranAl99,DT,NWE,$1200000
,Matt Slauson\SlauMa20,G,SDG,$1200000
,Anthony Levine\LeviAn00,S,BAL,$1200000
,Chris Jones\JoneCh02,P,DAL,$1200000
,Stephen Paea\PaeaSt00,DT,CLE,$1200000
646,Calvin Pryor\PryoCa00,FS,NYJ,$1198478
647,Le'Veon Bell\BellLe00,RB,PIT,$1197347
648,Timmy Jernigan\JernTi00,DT,BAL,$1195337
649,Vince Williams\WillVi01,ILB,PIT,$1194670
650,Kevin Dodd\DoddKe00,DE,TEN,$1191328
651,Brandin Cooks\CookBr00,WR,NOR,$1182132
652,Jon Condo\CondJo20,LB,OAK,$1177500
653,Robert Golden\GoldRo00,S,PIT,$1176666
654,Margus Hunt\HuntMa00,DE,CIN,$1168077
655,Hunter Henry\HenrHu00,TE,SDG,$1160055
656,Justin Pugh\PughJu00,OG,NYG,$1157307
657,Josh Brown\brownjos01,K,NYG,$1152941
658,Blair Walsh\WalsBl00,K,MIN,$1150000
,Keenan Robinson\RobiKe01,OLB,NYG,$1150000
,Taiwan Jones\JoneTa00,RB,OAK,$1150000
661,Eric Weems\WeemEr00,WR,ATL,$1147500
662,Rob Ninkovich\NinkRo20,DE,NWE,$1147058
663,Justin Hunter\HuntJu00,WR,2TM,$1144656
664,Zach Ertz\ErtzZa00,TE,PHI,$1138527
665,Darrius Heyward-Bey\HeywDa00,WR,PIT,$1133333
666,Chris Jones\JoneCh09,DT,KAN,$1132950
667,Marcus Smith\SmitMa03,DE,PHI,$1129008
668,Kraig Urbik\UrbiKr20,G,MIA,$1125000
669,Deone Bucannon\BucaDe00,SS,ARI,$1120837
670,Xavien Howard\HowaXa00,CB,MIA,$1114189
671,Tavon Austin\AustTa00,WR,LAR,$1111111
672,Mitch Unrein\UnreMi00,DT,CHI,$1110000
673,Akeem Ayers\AyerAk00,LB,IND,$1100000
,Johnson Bademosi\BadeJo00,DB,DET,$1100000
,Albert McClellan\McClAl00,DE,BAL,$1100000
,Tank Carder\CardTa00,ILB,CLE,$1100000
,Will Beatty\BeatWi20,T,NYG,$1100000
,Devin Hester\HestDe99,WR-PR,BAL,$1100000
,Chris Hairston\HairCh00,OL,SDG,$1100000
680,John Denney\DennJo20,DE-C,MIA,$1095000
681,Eric Winston\WinsEr20,T,CIN,$1090000
682,Ereck Flowers\FlowEr00,OT,NYG,$1089169
683,Denzel Perryman\PerrDe00,ILB,SDG,$1085562
684,Robert Alford\AlfoRo00,CB,ATL,$1082263
685,Eddie Lacy\LacyEd00,RB,GNB,$1079404
686,Davante Adams\AdamDa01,WR,GNB,$1072746
687,Beau Brinkley\BrinBe00,LSTE,TEN,$1068000
688,Frank Zombo\ZombFr00,LB,KAN,$1066666
689,Jimmie Ward\WardJi01,SS,SFO,$1066594
690,Todd Gurley\GurlTo01,RB,LAR,$1063326
691,Mitch Morse\MorsMi00,OT,KAN,$1062062
692,Garrison Sanborn\SanbGa00,C,BUF,$1057500
693,Zane Beadles\BeadZa20,T,SFO,$1050000
,L.P. Ladouceur\LadoL.20,DE,DAL,$1050000
695,Kamalei Correa\CorrKa00,OLB,BAL,$1045388
696,Ronald Darby\DarbRo00,CB,BUF,$1038566
697,Eddie Pleasant\PleaEd00,SS,HOU,$1036000
698,Tank Carradine\CarrCo00,DE,SFO,$1029684
699,Austin Johnson\JohnAu01,DT,TEN,$1029496
700,J.J. Jansen\JansJ.00,C,CAR,$1025000
701,Jeremy Hill\HillJe01,RB,CIN,$1023710
702,Trae Waynes\WaynTr00,CB,MIN,$1023381
703,Alec Ogletree\OgleAl00,OLB,LAR,$1019322
704,Nate Orchard\OrchNa00,OLB,CLE,$1015069
705,Cody Latimer\LatiCo00,WR,DEN,$1011450
706,Teddy Williams\WillTe00,WR,CAR,$1010000
707,Cordarrelle Patterson\PattCo00,WR,MIN,$1009689
708,Jihad Ward\WardJi02,DE,OAK,$1007236
709,Evan Mathis\MathEv20,G,ARI,$1006900
710,Kevin Minter\MintKe00,ILB,ARI,$1003667
711,Ahtyba Rubin\RubiAh99,NT,SEA,$1000000
,Jon Ryan\RyanJo21,P,SEA,$1000000
,Matt Forte\FortMa00,RB,NYJ,$1000000
,Jahri Evans\EvanJa21,T,NOR,$1000000
,Brandon Brooks\BrooBr00,G,PHI,$1000000
,Chase Daniel\DaniCh00,QB,PHI,$1000000
,Rodney McLeod\McLeRo00,S,PHI,$1000000
,Cedric Thornton\ThorCe00,DT,DAL,$1000000
,Darius Slay\SlayDa00,CB,DET,$1000000
,Brent Celek\CeleBr00,TE,PHI,$1000000
,Vinny Curry\CurrVi00,DE,PHI,$1000000
,Chris Hogan\HogaCh00,WR,NWE,$1000000
,Stefan Charles\CharSt00,DT,DET,$1000000
,Rafael Bush\BushRa00,S,DET,$1000000
,Ryan Allen\AlleRy01,P,NWE,$1000000
,Coty Sensabaugh\SensCo00,CB,2TM,$1000000
,Matt McCants\McCaMa00,T,OAK,$1000000
,Chris Carter\CartCh00,DL,2TM,$1000000
,Matt Slater\SlatMa00,WR,NWE,$1000000
,Bryan Anger\AngeBr00,P,TAM,$1000000
,Nick Sundberg\SundNi00,C,WAS,$1000000
,Sean Lee\LeexSe99,LB,DAL,$1000000
,Shea McClellin\McClSh00,DE,NWE,$1000000
,Terrell McClain\McClTe00,DL,DAL,$1000000
,Orlando Scandrick\ScanOr99,DB,DAL,$1000000
,Dwight Freeney\FreeDw00,DE,ATL,$1000000
,Tyron Smith\SmitTy00,OT,DAL,$1000000
,Andrew Hawkins\HawkAn00,WR,CLE,$1000000
,Kyle Wilber\WilbKy00,OLB,DAL,$1000000
,Jason Witten\WittJa00,TE,DAL,$1000000
,Garrett Celek\CeleGa00,TE,SFO,$1000000
,Drew Brees\BreeDr00,QB,NOR,$1000000
,Zach Strief\StriZa20,G,NOR,$1000000
,Justin Bethel\BethJu00,CB,ARI,$1000000
,Mark Herzlich\HerzMa00,LB,NYG,$1000000
,Tyrann Mathieu\MathTy00,CB,ARI,$1000000
,Frostee Rucker\RuckFr99,DE,ARI,$1000000
,Drew Stanton\StanDr00,QB,ARI,$1000000
,Doug Baldwin\BaldDo00,WR,SEA,$1000000
750,Jordan Phillips\PhilJo01,DT,MIA,$991570
751,Kiko Alonso\AlonKi00,ILB,MIA,$991418
752,Joe Berger\BergJo20,T,MIN,$985000
,Don Muhlbach\MuhlDo20,C,DET,$985000
,Jon Dorenbos\DoreJo20,C,PHI,$985000
,Donte Whitner\WhitDo20,DB,WAS,$985000
,Robbie Gould\gouldrob01,K,NYG,$985000
,Kedric Golston\GolsKe20,DT,WAS,$985000
,Roman Harper\HarpRo21,DB,NOR,$985000
,Darryl Tapp\TappDa20,DE,NOR,$985000
,Andre Johnson\JohnAn02,WR,TEN,$985000
,John Kuhn\KuhnJo00,FB,NOR,$985000
,Tony McDaniel\McDaTo20,DT,SEA,$985000
763,Derrick Henry\HenrDe00,RB,TEN,$983259
764,Xavier Rhodes\RhodXa00,CB,MIN,$979523
765,Gavin Escobar\EscoGa00,TE,DAL,$979158
766,Ryan Hewitt\HewiRy00,FB,CIN,$978334
767,Senio Kelemete\KeleSe00,T,NOR,$977500
768,Jack Mewhort\MewhJa00,OT,IND,$974673
769,Jake Fisher\FishJa00,OT,CIN,$968073
770,Kony Ealy\EalyKo00,DE,CAR,$967317
771,Spencer Ware\WareSp00,RB,KAN,$958333
,Charcandrick West\WestCh01,RB,KAN,$958333
773,Allen Robinson\RobiAl02,WR,JAX,$957510
774,Johnathan Hankins\HankJo00,DT,NYG,$954639
775,Andrus Peat\PeatAn00,OT,NOR,$952887
776,Clark Harris\HarrCl20,TE,CIN,$950000
,Josh Kline\KlinJo01,OL,TEN,$950000
,Gino Gradkowski\GradGi00,G,CAR,$950000
,Andrew Sendejo\SendAn00,DB,MIN,$950000
,Demetrius Harris\HarrDe03,TE,KAN,$950000
781,Jarvis Landry\LandJa00,WR,MIA,$947703
782,Sharrif Floyd\FloySh00,DT,MIN,$941300
783,Morgan Cox\CoxxMo00,C,BAL,$940000
784,Cullen Jenkins\JenkCu20,DT,WAS,$927058
785,Mason Foster\FostMa00,LB,WAS,$925000
786,Maxx Williams\WillMa04,TE,BAL,$921077
787,Jamie Collins\CollJa00,OLB,2TM,$917864
788,Jason Spriggs\SpriJa00,OT,GNB,$909871
789,Josh Bynes\ByneJo00,LB,DET,$900000
,Bryan Braman\BramBr00,LB,PHI,$900000
,Will Blackmon\BlacWi20,DB,WAS,$900000
,James Laurinaitis\LaurJa99,LB,NOR,$900000
,David Bruton\BrutDa99,DB,WAS,$900000
,Clay Harbor\HarbCl00,TE,2TM,$900000
,Jeff Heath\HeatJe00,S,DAL,$900000
,Jonathan Grimes\GrimJo01,RB,HOU,$900000
,Paul Kruger\KrugPa99,DE,NOR,$900000
,Daniel Kilgore\KilgDa00,OL,SFO,$900000
,Thomas Morstead\MorsTh00,P,NOR,$900000
800,Patrick DiMarco\DiMaPa00,FB,ATL,$897500
,Mike Windt\WindMi00,C,SDG,$897500
802,Arthur Brown\BrowAr00,OLB,JAX,$889668
803,Wallace Gilberry\GilbWa00,DE,2TM,$885000
,Colin Jones\JoneCo01,DB,CAR,$885000
,Erin Henderson\HendEr99,LB,NYJ,$885000
,Evander Hood\HoodEv99,DT,WAS,$885000
,James Ihedigbo\IhedJa00,DB,BUF,$885000
,Kellen Davis\DaviKe01,TE,NYJ,$885000
,Matthew Mulligan\MullMa00,TE,DET,$885000
,Justin Durant\DuraJu99,LB,DAL,$885000
,Leon Hall\HallLe98,DB,NYG,$885000
,Chris Johnson\JohnCh04,RB,ARI,$885000
813,Arik Armstead\ArmsAr01,DE,SFO,$882392
814,Jordan Norwood\NorwJo00,WR,DEN,$880000
815,Lamarcus Joyner\JoynLa00,CB,LAR,$877289
816,Jon Weeks\WeekJo00,C,HOU,$875000
817,Ty Sambrailo\SambTy00,OT,DEN,$874081
818,Jordan Matthews\MattJo00,WR,PHI,$869934
819,Charlie Whitehurst\WhitCh02,QB,CLE,$869117
820,Weston Richburg\RichWe00,C,NYG,$863396
821,Nelson Agholor\AghoNe00,WR,PHI,$861244
822,Billy Turner\TurnBi00,OT,MIA,$861000
823,C.J. Fiedorowicz\FiedC.00,TE,HOU,$860826
824,Joe Webb\WebbJo00,WR,CAR,$860000
,Jack Crawford\CrawJa00,DE,DAL,$860000
,Josh Harris\HarrJo02,LS,ATL,$860000
827,Marquise Goodwin\GoodMa00,WR,BUF,$859719
828,Quinten Rollins\RollQu00,CB,GNB,$850583
829,Daren Bates\BateDa00,LB,OAK,$850000
,Greg Zuerlein\ZuerGr00,K,LAR,$850000
,Bilal Powell\PoweBi00,RB,NYJ,$850000
,Max Unger\UngeMa20,C,NOR,$850000
833,Johnthan Banks\BankJo00,CB,2TM,$849498
834,Paul Richardson\RichPa01,WR,SEA,$848440
835,D.J. Humphries\HumpD.00,OT,ARI,$840096
836,Jerome Felton\FeltJe00,RB,BUF,$832941
837,Trent Murphy\MurpTr00,DE,WAS,$826618
838,Knile Davis\DaviKn00,RB,2TM,$826504
839,Deion Jones\JoneDe01,OLB,ATL,$826479
840,Byron Jones\JoneBy00,CB,DAL,$825998
841,Nate Ebner\EbneNa00,DB,NWE,$825000
,Brynden Trawick\TrawBr00,S,OAK,$825000
,Zak DeOssie\DeOsZa99,LB,NYG,$825000
844,Laken Tomlinson\TomlLa01,OG,DET,$823648
845,Austin Seferian-Jenkins\SefeAu00,TE,2TM,$822721
846,Kayvon Webster\WebsKa00,CB,DEN,$821950
847,Christian Kirksey\KirkCh00,OLB,CLE,$815625
848,Antonio Smith\SmitAn22,DE,HOU,$811176
849,Jace Amaro\AmarJa00,TE,TEN,$810272
850,Robert McClain\McClRo98,DB,CAR,$810000
851,Mike Morgan\MorgMi00,LB,SEA,$800000
,Tavon Wilson\WilsTa00,FS,DET,$800000
,Cecil Shorts\ShorCe00,WR,TAM,$800000
,Ron Brooks\BrooRo01,CB,PHI,$800000
,Theo Riddick\RiddTh00,RB,DET,$800000
,Coby Fleener\FleeCo00,TE,NOR,$800000
,Tyrunn Walker\WalkTy00,DL,DET,$800000
,Bradley Sowell\SoweBr00,T,SEA,$800000
,Dion Lewis\LewiDi00,RB,NWE,$800000
,Derek Carrier\CarrDe00,WR,WAS,$800000
,Alfred Morris\MorrAl00,RB,DAL,$800000
,Tanner Purdum\PurdTa00,C,NYJ,$800000
,Lance Dunbar\DunbLa00,RB,DAL,$800000
,Tony Jerod-Eddie\JeroTo00,DT,SFO,$800000
,Matt Overton\OverMa00,LS,IND,$800000
,Jermaine Kearse\KearJe01,WR,SEA,$800000
867,Vance McDonald\McDoVa00,TE,SFO,$795797
868,Kyle Nelson\NelsKy00,TE,SFO,$795000
869,Preston Brown\BrowPr00,ILB,BUF,$793750
870,Duke Williams\WillDu00,SS,BUF,$792563
871,Shamarko Thomas\ThomSh00,SS,PIT,$788288
872,Justin Gilbert\GilbJu00,CB,PIT,$786682
873,Stephone Anthony\AnthSt00,ILB,NOR,$786442
874,Troy Niklas\NiklTr00,TE,ARI,$785755
875,A.J. Cann\CannA.00,OG,JAX,$785399
876,Bryan Walters\WaltBr00,WR,JAX,$785000
877,Landry Jones\JoneLa02,QB,PIT,$784805
878,Clive Walford\WalfCl00,TE,OAK,$781126
879,Malcom Brown\BrowMa01,DT,NWE,$781056
880,J.C. Tretter\TretJC00,OG,GNB,$778977
881,Jake McQuaide\McQuJa00,LS,LAR,$775000
,Chase Reynolds\ReynCh00,RB,LAR,$775000
,Joe Looney\LoonJo01,G,DAL,$775000
884,Tyler Boyd\BoydTy00,WR,CIN,$774358
885,Cody Whitehair\WhitCo03,OG,CHI,$768103
886,Craig Robertson\RobeCr00,LB,NOR,$765000
,Nick Fairley\FairNi00,DT,NOR,$765000
,Mark Ingram\IngrMa01,RB,NOR,$765000
,Cameron Jordan\JordCa00,DE,NOR,$765000
890,Tom Brady\BradTo00,QB,NWE,$764705
891,Jaelen Strong\StroJa01,WR,HOU,$762995
892,Gabe Jackson\JackGa00,OG,OAK,$762844
893,Will Sutton\SuttWi00,DT,CHI,$761517
894,DeShawn Shead\SheaDe00,DB,SEA,$760000
,Keith Tandy\TandKe00,CB,TAM,$760000
,Will Tukuafu\TukuWi00,DT,SEA,$760000
,Matt Asiata\AsiaMa00,FB,MIN,$760000
,Audie Cole\ColeAu00,ILB,MIN,$760000
,Rhett Ellison\ElliRh00,FB,MIN,$760000
,Don Carey\CareDo00,DB,DET,$760000
,Sterling Moore\MoorSt00,CB,NOR,$760000
,Donald Butler\ButlDo99,LB,MIA,$760000
,Nolan Carroll\CarrNo00,DB,PHI,$760000
,Justin Trattou\TratJu00,DE,MIN,$760000
,LeGarrette Blount\BlouLe00,RB,NWE,$760000
,Brandon Bolden\BoldBr00,RB,NWE,$760000
,Vlad Ducasse\DucaVl20,G,BAL,$760000
,Cliff Matthews\MattCl01,DL,ATL,$760000
,Cam Thomas\ThomCa99,DT,LAR,$760000
,Sergio Brown\BrowSe00,DB,BUF,$760000
,Ben Ijalana\IjalBe00,OL,NYJ,$760000
,Andre Roberts\RobeAn00,WR,DET,$760000
,Kai Forbath\ForbKa00,K,MIN,$760000
,Bruce Carter\CartBr00,LB,NYJ,$760000
,Sealver Siliga\SiliSe00,DT,2TM,$760000
,James Carpenter\CarpJa00,OL,NYJ,$760000
,Stefen Wisniewski\WisnSt01,OL,PHI,$760000
,Bobby Rainey\RainBo00,RB,NYG,$760000
,Kelvin Sheppard\ShepKe00,LB,NYG,$760000
,Greg Toler\ToleGr99,DB,WAS,$760000
,Leonard Johnson\JohnLe03,CB,CAR,$760000
,Nick Bellore\BellNi01,LB,SFO,$760000
,Randy Bullock\BullRa00,K,NYG,$760000
,Jeremy Kerley\KerlJe00,WR,SFO,$760000
,Travaris Cadet\CadeTr00,RB,NOR,$760000
,Shaun Draughn\DrauSh00,RB,SFO,$760000
,Justin Drescher\DresJu20,C,NOR,$760000
,DuJuan Harris\HarrDu01,RB,SFO,$760000
,Tim Hightower\HighTi00,RB,NOR,$760000
,Rod Streater\StreRo00,WR,SFO,$760000
,Logan Paulsen\PaulLo00,TE,CHI,$760000
,A.Q. Shipley\ShipA.20,C,ARI,$760000
,Winston Guy\GuyxWi00,DB,IND,$760000
934,Kyle Van Noy\VanNKy00,OLB,2TM,$758828
935,T.J. Green\GreeT.00,FS,IND,$757679
936,Will Clarke\ClarWi00,DE,CIN,$756345
937,Phillip Gaines\GainPh00,CB,KAN,$755778
938,Tevin Coleman\ColeTe01,RB,ATL,$753811
939,Trai Turner\TurnTr01,OG,CAR,$753620
940,A.J. Hawk\HawkA.20,LB,ATL,$753235
941,Donte Moncrief\MoncDo00,WR,IND,$750880
942,Kyle Juszczyk\JuszKy00,FB,BAL,$750146
943,Cody Davis\DaviCo02,S,LAR,$750000
,Josh Hill\HillJo02,TE,NOR,$750000
945,Brandon Linder\LindBr00,OG,JAX,$745400
946,Sean Davis\DaviSe00,FS,PIT,$743085
947,Michael Schofield\SchoMi00,OT,DEN,$742300
948,Jonathan Freeny\FreeJo01,DE,NWE,$740000
949,Richard Rodgers\RodgRi00,TE,GNB,$739004
950,Chris Conley\ConlCh00,WR,KAN,$738108
951,Justin Britt\BritJu00,OT,SEA,$734267
952,Duke Johnson\JohnDu00,RB,CLE,$732523
953,John Sullivan\SullJo24,C,WAS,$728823
954,Denard Robinson\RobiDe00,WR,JAX,$728403
955,Crockett Gillmore\GillCr00,TE,BAL,$726504
956,John Miller\MillJo04,OG,BUF,$725030
957,Fozzy Whittaker\WhitFo00,RB,CAR,$725000
958,A.J. Klein\KleiAJ00,ILB,CAR,$722825
959,Devonta Freeman\FreeDe00,RB,ATL,$721106
960,James Bradberry\BradJa00,CB,CAR,$720152
961,Justin Ellis\ElliJu01,DT,OAK,$718172
962,Adam Gotsis\GotsAd00,DT,DEN,$715982
963,Jacquizz Rodgers\RodgJa00,RB,TAM,$715294
964,Russell Bodine\BodiRu00,OG,CIN,$714114
965,DaQuan Jones\JoneDa04,DT,TEN,$713850
966,De'Anthony Thomas\ThomDe05,RB,KAN,$713527
967,Landon Collins\CollLa00,SS,NYG,$713208
968,Tyler Kroft\KrofTy00,TE,CIN,$712444
969,Keith McGill\McGiKe00,CB,OAK,$711300
970,Donovan Smith\SmitDo02,OT,TAM,$710857
971,Ka'Deem Carey\CareKa00,RB,CHI,$710845
972,Craig Mager\MageCr00,CB,SDG,$708144
973,Demarcus Lawrence\LawrDe00,DE,DAL,$703992
974,Walt Aikens\AikeWa00,CB,MIA,$703977
975,Tourek Williams\WillTo00,DE,SDG,$702515
976,Latavius Murray\MurrLa00,RB,OAK,$701550
977,Tre Boston\BostTr00,FS,CAR,$701367
978,Cornelius Washington\WashCo00,DE,CHI,$700947
979,Don Barclay\BarcDo00,G,GNB,$700000
,LaAdrian Waddle\WaddLa01,T,NWE,$700000
,Benson Mayowa\MayoBe00,DE,DAL,$700000
,Drew Butler\ButlDr00,P,ARI,$700000
983,Preston Smith\SmitPr00,DE,WAS,$697698
984,Jeff Heuerman\HeueJe00,TE,DEN,$695201
985,Stacy McGee\McGeSt01,DT,OAK,$694670
,Ryan Griffin\GrifRy00,TE,HOU,$694670
987,Ty Montgomery\MontTy01,WR,GNB,$693386
988,Henry Anderson\AndeHe00,DE,IND,$692919
989,Travis Frederick\FredTr00,C,DAL,$691882
990,Dorial Green-Beckham\GreeDo00,WR,PHI,$689709
991,Jimmy Garoppolo\GaroJi00,QB,NWE,$686718
992,Daimion Stafford\StafDa00,FS,TEN,$686474
993,Corey Lemonier\LemoCo00,OLB,CLE,$685000
994,Steven Nelson\NelsSt01,CB,KAN,$682988
995,Sammie Coates\CoatSa00,WR,PIT,$682878
996,Will Davis\DaviWi02,CB,BAL,$682500
997,Xavier Cooper\CoopXa00,DT,CLE,$680071
998,Brandon Marshall\MarsBr01,OLB,DEN,$680000
,Jim Dray\DrayJi00,TE,BUF,$680000
,Morgan Moses\MoseMo00,OT,WAS,$680000
,Corey White\WhitCo01,SS,BUF,$680000
,Colt Anderson\AndeCo01,DB,BUF,$680000
,Sam Acho\AchoSa00,OLB,CHI,$680000
,Robert Blanton\BlanRo00,CB,BUF,$680000
,Terron Armstead\ArmsTe00,OT,NOR,$680000
,Chris Prosinski\ProsCh00,DB,CHI,$680000
,Nick Novak\novaknic01,K,HOU,$680000
,Deonte Thompson\ThomDe04,WR,CHI,$680000
,Spencer Paysinger\PaysSp00,LB,MIA,$680000
,Philip Wheeler\WheePh99,LB,ATL,$680000
,Kellen Clemens\ClemKe00,QB,SDG,$680000
,Greg Warren\WarrGr20,C,PIT,$680000
1013,Chris Lewis-Harris\LewiCh01,CB,2TM,$675500
1014,Lorenzo Taliaferro\TaliLo00,RB,BAL,$675146
,Brent Urban\UrbaBr00,DE,BAL,$675146
1016,Kelcie McCray\McCrKe00,S,SEA,$675000
,Christine Michael\MichCh00,RB,2TM,$675000
,Tharold Simon\SimoTh00,CB,ARI,$675000
,Wes Horton\HortWe00,DE,CAR,$675000
,Carson Tinker\TinkCa00,LS,JAX,$675000
,Jeff Locke\LockJe00,P,MIN,$675000
,Rashaan Melvin\MelvRa00,CB,IND,$675000
,Kevin McDermott\McDeKe00,LS,MIN,$675000
,Neiko Thorpe\ThorNe00,DB,SEA,$675000
,Sam Martin\MartSa01,P,DET,$675000
,Ryan Davis\DaviRy00,DE,DAL,$675000
,Devin Taylor\TaylDe00,DE,DET,$675000
,Najee Goode\GoodNa00,ILB,PHI,$675000
,Lane Johnson\JohnLa01,OT,PHI,$675000
,Caleb Sturgis\SturCa00,K,PHI,$675000
,Matt Tobin\TobiMa00,T,PHI,$675000
,Jonathan Cooper\CoopJo01,OG,CLE,$675000
,Aldrick Robinson\RobiAl00,WR,ATL,$675000
,James Develin\DeveJa00,RB,NWE,$675000
,Chris Banjo\BanjCh00,S,2TM,$675000
,LaRoy Reynolds\ReynLa00,LB,ATL,$675000
,Nathan Stupar\StupNa01,OLB,NOR,$675000
,Terence Garvin\GarvTe00,LB,WAS,$675000
,David Bass\BassDa00,DE,TEN,$675000
,Geno Smith\SmitGe00,QB,NYJ,$675000
,Patrick Omameh\OmamPa00,G,JAX,$675000
,Bacarri Rambo\RambBa00,FS,MIA,$675000
,Devon Still\StilDe00,DT,HOU,$675000
,Damontre Moore\MoorDa01,DE,SEA,$675000
,Josh Martin\MartJo02,LB,NYJ,$675000
,Duke Ihenacho\IhenDu00,S,WAS,$675000
,Leon McFadden\McFaLe00,CB,DAL,$675000
,MarQueis Gray\GrayMa00,TE,MIA,$675000
,Isaiah Pead\PeadIs00,RB,MIA,$675000
,Brice Butler\ButlBr00,WR,DAL,$675000
,Antonio Allen\AlleAn02,SS,NYJ,$675000
,Jordan Hill\HillJo01,DT,JAX,$675000
,Chris Thompson\ThomCh03,RB,WAS,$675000
,Julian Stanford\StanJu00,LB,NYJ,$675000
,Nate Palmer\PalmNa01,LB,TEN,$675000
,Oday Aboushi\AbouOd00,OT,HOU,$675000
,Taylor Boggs\BoggTa00,C,ARI,$675000
,Chris Jones\JoneCh04,DT,2TM,$675000
,Ray-Ray Armstrong\ArmsRa01,LB,SFO,$675000
,Brandon Williams\WillBr04,TE,SEA,$675000
,Barkevious Mingo\MingBa00,OLB,NWE,$675000
,Quinton Dial\DialQu00,DE,SFO,$675000
,Jordan Poyer\PoyeJo00,CB,CLE,$675000
,Greg Scruggs\ScruGr00,DE,CHI,$675000
,Lerentee McCray\McCrLe01,LB,BUF,$675000
,Marcus Cooper\CoopMa00,CB,ARI,$675000
,Michael Mauti\MautMi00,OLB,NOR,$675000
,Quinton Patton\PattQu00,WR,SFO,$675000
,Eric Kush\KushEr00,C,CHI,$675000
,Sam Barrington\BarrSa00,ILB,2TM,$675000
,Dezman Moses\MoseDe00,LB,KAN,$675000
,Lavar Edwards\EdwaLa00,DE,2TM,$675000
,Adam Gettis\GettAd00,G,NYG,$675000
,Michael Thomas\ThomMi02,S,MIA,$675000
,Montori Hughes\HughMo00,DT,NYG,$675000
,Darryl Morris\MorrDa01,CB,IND,$675000
,Trevin Wade\WadeTr00,CB,NYG,$675000
,Stepfan Taylor\TaylSt00,RB,ARI,$675000
,Earl Watford\WatfEa00,OG,ARI,$675000
,Mike James\JameMi00,RB,TAM,$675000
,Josh McNary\McNaJo00,LB,IND,$675000
,Rex Burkhead\BurkRe00,RB,CIN,$675000
1083,Carl Nassib\NassCa00,DE,CLE,$672438
1084,Dexter McCluster\McClDe00,WR,SDG,$670588
,Ronnie Hillman\HillRo00,RB,MIN,$670588
,Tony Hills\HillTo21,T,NOR,$670588
1087,Eric Kendricks\KendEr00,ILB,MIN,$669360
1088,Angelo Blackson\BlacAn00,DT,TEN,$667903
1089,Daryl Williams\WillDa06,OT,CAR,$664280
1090,Yannick Ngakoue\NgakYa00,OLB,JAX,$664044
1091,Jaquiski Tartt\TartJa00,SS,SFO,$663955
1092,Jeremy Langford\LangJe00,RB,CHI,$660906
1093,Justin Hardy\HardJu00,WR,ATL,$660205
1094,Jalston Fowler\FowlJa00,FB,TEN,$659429
1095,Clayton Geathers\GeatCl00,SS,IND,$658482
1096,Eric Rowe\RoweEr00,CB,NWE,$656811
1097,Jonathan Bullard\BullJo00,DE,CHI,$656630
1098,Kenyan Drake\DrakKe00,RB,MIA,$655315
1099,Carlos Hyde\HydeCa00,RB,SFO,$654698
1100,KeiVarae Russell\RussKe00,CB,CIN,$653282
1101,Ibraheim Campbell\CampIb00,SS,CLE,$653002
1102,Telvin Smith\SmitTe01,ILB,JAX,$652763
1103,Charles Sims\SimsCh00,RB,TAM,$650000
1104,Bene Benwikere\BenwBe00,CB,CAR,$649750
1105,Avery Williamson\WillAv00,ILB,TEN,$648613
1106,Josh Shaw\ShawJo00,CB,CIN,$648431
1107,Shilique Calhoun\CalhSh00,DE,OAK,$647533
1108,Shon Coleman\ColeSh00,OT,CLE,$646884
1109,Corey Linsley\LinsCo00,C,GNB,$646250
1110,Daryl Worley\WorlDa00,CB,CAR,$645921
1111,Za'Darius Smith\SmitZa00,DE,BAL,$645788
1112,A.J. McCarron\McCaA.00,QB,CIN,$645413
1113,Austin Hooper\HoopAu00,TE,ATL,$643357
1114,Jon Feliciano\FeliJo00,OG,OAK,$640163
1115,Jake Ryan\RyanJa00,OLB,GNB,$639169
1116,Adolphus Washington\WashAd00,DT,BUF,$638574
1117,John Urschel\UrscJo00,OG,BAL,$636140
1118,B.W. Webb\WebbBW00,CB,NOR,$635294
1119,Marcus Martin\MartMa01,C,SFO,$635000
1120,Zach Fulton\FultZa00,OG,KAN,$634555
1121,Laurent Duvernay-Tardif\DuveLa00,OT,KAN,$633575
1122,Le'Raven Clark\ClarLe01,OT,IND,$633433
1123,Alfred Blue\BlueAl00,RB,HOU,$629483
1124,Braxton Miller\MillBr03,WR,HOU,$627275
1125,Pat O'Donnell\ODonPa00,P,CHI,$626327
1126,Kyle Love\LoveKy00,DT,CAR,$625882
,Aaron Brewer\BrewAa00,LS,ARI,$625882
,Joique Bell\BellJo01,RB,CHI,$625882
,C.J. Wilson\WilsC.98,DE,CHI,$625882
,Jeremy Ross\RossJe01,WR,NYJ,$625882
1131,Leonte Carroo\CarrLe00,WR,MIA,$625097
1132,Tom Compton\CompTo00,T,ATL,$625000
,Greg Salas\SalaGr00,WR,BUF,$625000
1134,Jake Long\LongJa20,T,MIN,$624705
1135,Nick Vigil\VigiNi00,ILB,CIN,$623907
1136,Kyler Fackrell\FackKy00,OLB,GNB,$623512
1137,Javon Hargrave\HargJa00,DT,PIT,$623314
1138,Marquis Flowers\FlowMa00,OLB,CIN,$619670
,Jay Prosch\ProsJa00,FB,HOU,$619670
,Daniel McCullers\McCuDa00,DT,PIT,$619670
1141,Kareem Martin\MartKa00,DE,ARI,$618000
1142,Andre Hal\HalxAn00,CB,HOU,$617281
1143,TJ Carrie\CarrTr00,CB,OAK,$616741
1144,Cody Kessler\KessCo00,QB,CLE,$616197
1145,Rob Havenstein\HaveRo00,OT,LAR,$615455
1146,Travis Swanson\SwanTr00,C,DET,$615000
,Josh Huff\HuffJo00,WR,PHI,$615000
,Terrence Brooks\BrooTe00,FS,PHI,$615000
1149,Terrence Fede\FedeTe00,DE,MIA,$613988
1150,Markus Golden\GoldMa00,OLB,ARI,$613106
1151,Jeff Janis\JaniJe00,WR,GNB,$612848
1152,James Wright\WrigJa03,WR,CIN,$612456
1153,Corey Nelson\NelsCo00,OLB,DEN,$612150
1154,John Brown\BrowJo02,WR,ARI,$612000
1155,Charles Leno\LenoCh00,OG,CHI,$611628
1156,Max Garcia\GarcMa00,C,DEN,$611423
1157,Justin Simmons\SimmJu00,FS,DEN,$611355
1158,Jerick McKinnon\McKiJe00,RB,MIN,$610000
1159,Joe Schobert\SchoJo00,OLB,CLE,$608489
1160,Ali Marpet\MarpAl00,C,TAM,$606527
1161,Corey Brown\BrowPh00,WR,CAR,$605000
,Jay Bromley\BromJa00,DT,NYG,$605000
1163,Frank Clark\ClarFr01,DE,SEA,$604647
1164,Andrew Norwell\NorwAn01,G,CAR,$604000
1165,Jordan Richards\RichJo00,SS,NWE,$603707
1166,Joshua Perry\PerrJo01,OLB,SDG,$603521
1167,Isaiah Crowell\CrowIs00,RB,CLE,$603334
,Albert Wilson\WilsAl02,WR,KAN,$603334
1169,James Hurst\HursJa00,OT,BAL,$603000
1170,Jonotthan Harrison\HarrJo03,C,IND,$602500
1171,Christian Jones\JoneCh05,ILB,CHI,$602334
1172,Sheldon Day\DayxSh00,DT,JAX,$602102
1173,Zach Kerr\KerrZa00,NT,IND,$602000
1174,Tyler Shatley\ShatTy00,OG,JAX,$601668
,Jayrone Elliott\ElliJa02,LB,GNB,$601668
,Damien Williams\WillDa05,RB,MIA,$601668
1177,Tavon Young\YounTa01,CB,BAL,$601282
1178,Zach Orr\OrrxZa00,LB,BAL,$601000
1179,Parker Ehinger\EhinPa00,OG,KAN,$600727
1180,Cairo Santos\SantCa01,K,KAN,$600667
1181,Kevin Pierre-Louis\PierKe00,OLB,SEA,$600000
,Jacquies Smith\SmitJa01,DE,TAM,$600000
,Brenton Bersin\BersBr00,WR,CAR,$600000
,Steven Terrell\TerrSt00,DB,SEA,$600000
,T.J. Johnson\JohnTJ00,C,CIN,$600000
,Chris Smith\SmitCh03,DE,JAX,$600000
,Marcus Roberson\RobeMa00,CB,BUF,$600000
,Peyton Thompson\ThomPe00,CB,JAX,$600000
,Brandon Tate\TateBr00,WR,BUF,$600000
,Charles Johnson\JohnCh08,WR,MIN,$600000
,Scott Simonson\SimoSc00,TE,CAR,$600000
,Todd Davis\DaviTo01,LB,DEN,$600000
,Nevin Lawson\LawsNe00,CB,DET,$600000
,Cornelius Lucas\LucaCo01,T,DET,$600000
,Shiloh Keo\KeoxSh00,DB,2TM,$600000
,Beau Allen\AlleBe00,DT,PHI,$600000
,Kenjon Barner\BarnKe00,RB,PHI,$600000
,Brandon McManus\McMaBr01,K,DEN,$600000
,Jeremiah Sirles\SirlJe00,OT,MIN,$600000
,Trey Burton\BurtTr01,TE,PHI,$600000
,Shamar Stephen\StepSh00,DT,MIN,$600000
,Adam Thielen\ThieAd00,WR,MIN,$600000
,Maurice Alexander\AlexMa00,SS,LAR,$600000
,Taylor Hart\HartTa00,DE,SFO,$600000
,Juwan Thompson\ThomJu01,RB,DEN,$600000
,Denico Autry\AutrDe00,DE,OAK,$600000
,E.J. Gaines\GainE.00,CB,LAR,$600000
,Steven Means\MeanSt00,DE,PHI,$600000
,Malcolm Butler\ButlMa01,CB,NWE,$600000
,Jaylen Watkins\WatkJa01,CB,PHI,$600000
,Cameron Fleming\FlemCa00,OT,NWE,$600000
,Demetrius Rhaney\RhanDe00,C,LAR,$600000
,Robert Turbin\TurbRo00,RB,IND,$600000
,Brett Goode\GoodBr99,LB,GNB,$600000
,Ethan Westbrooks\WestEt00,DE,LAR,$600000
,Antonio Andrews\AndrAn00,RB,TEN,$600000
,Marcus Williams\WillMa03,CB,NYJ,$600000
,Bashaud Breeland\BreeBa00,CB,WAS,$600000
,Dekoda Watson\WatsDe99,LB,DEN,$600000
,William Compton\CompWi00,LB,WAS,$600000
,Jordan Todman\TodmJo00,RB,IND,$600000
,David Johnson\JohnDa05,TE,PIT,$600000
,James White\WhitJa02,RB,NWE,$600000
,Justin Perillo\PeriJu00,TE,GNB,$600000
,Steven Johnson\JohnSt02,LB,PIT,$600000
,Robert Nelson\NelsRo00,FS,HOU,$600000
,Ryan Jensen\JensRy00,T,BAL,$600000
,Ryan Grant\GranRy01,WR,WAS,$600000
,Dustin Hopkins\HopkDu00,K,WAS,$600000
,Mike Gillislee\GillMi00,RB,BUF,$600000
,Wesley Johnson\JohnWe00,OT,NYJ,$600000
,Leger Douzable\DouzLe00,DT,BUF,$600000
,Dominique Easley\EaslDo00,DT,LAR,$600000
,Ryan Groy\GroyRy00,OG,BUF,$600000
,Orson Charles\CharOr00,TE,DET,$600000
,Ricardo Mathews\MathRi99,DT,PIT,$600000
,Spencer Long\LongSp00,OG,WAS,$600000
,Dakota Dozier\DoziDa00,OT,NYJ,$600000
,Ty Nsekhe\NsekTy00,T,WAS,$600000
,Brandon Bostick\BostBr00,TE,NYJ,$600000
,Zaviar Gooden\GoodZa00,OLB,2TM,$600000
,Jonathan Meeks\MeekJo01,S,BUF,$600000
,Mike Catapano\CataMi00,DE,NYJ,$600000
,Walt Powell\PoweWa00,WR,BUF,$600000
,Tavarres King\KingTa00,WR,NYG,$600000
,Terrance West\WestTe00,RB,BAL,$600000
,Colton Schmidt\SchmCo00,P,BUF,$600000
,Tress Way\WayxTr00,P,WAS,$600000
,Anthony Hitchens\HitcAn00,OLB,DAL,$600000
,Daryl Richardson\RichDa00,RB,PIT,$600000
,Max Bullough\BullMa00,ILB,HOU,$600000
,Phillip Supernaw\SupePh00,TE,TEN,$600000
,Jerel Worthy\WortJe00,DT,BUF,$600000
,Josh Bellamy\BellJo02,WR,CHI,$600000
,Lorenzo Alexander\AlexLo99,DT,BUF,$600000
,John Phillips\PhilJo00,TE,2TM,$600000
,Billy Winn\WinnBi00,DT,DEN,$600000
,Demontre Hurst\HursDe00,CB,CHI,$600000
,Darrion Weems\WeemDa00,T,DEN,$600000
,Brandon Spikes\SpikBr99,LB,BUF,$600000
,Charles James\JameCh00,CB,HOU,$600000
,Keith Smith\SmitKe03,LB,DAL,$600000
,Mike Adams\AdamMi02,OT,CHI,$600000
,Marcus Cromartie\CromMa01,CB,SFO,$600000
,Chris Davis\DaviCh05,CB,SFO,$600000
,Kenneth Acker\AckeKe00,CB,KAN,$600000
,Kasim Edebali\EdebKa00,OLB,NOR,$600000
,Ramon Humber\HumbRa00,LB,BUF,$600000
,Dontae Johnson\JohnDo02,FS,SFO,$600000
,Dewey McDonald\McDoDe01,S,SEA,$600000
,Ben Garland\GarlBe00,DL,ATL,$600000
,Keith Reaser\ReasKe00,CB,SFO,$600000
,Marqueston Huff\HuffMa00,FS,BAL,$600000
,Marcus Burley\BurlMa00,CB,CLE,$600000
,Andrew Tiller\TillAn01,G,SFO,$600000
,Nat Berhe\BerhNa00,SS,NYG,$600000
,Taylor Gabriel\GabrTa00,WR,ATL,$600000
,Pierre Desir\DesiPi00,CB,SDG,$600000
,Caraun Reid\ReidCa00,DT,SDG,$600000
,Orleans Darkwa\DarkOr00,RB,NYG,$600000
,Chandler Catanzaro\CataCh00,K,ARI,$600000
,Darren Fells\FellDa01,TE,ARI,$600000
,Marc Mariani\MariMa00,WR,TEN,$600000
,Connor Barth\barthco01,K,CHI,$600000
,Daniel Sorensen\SoreDa01,S,KAN,$600000
,Devon Kennard\KennDe00,OLB,NYG,$600000
,Nicholas Williams\WillNi01,DT,2TM,$600000
,Ross Cockrell\CockRo00,CB,PIT,$600000
,Josh Mauro\MaurJo00,DE,ARI,$600000
,Dontrelle Inman\InmaDo00,WR,SDG,$600000
,Brad Wing\WingBr00,P,NYG,$600000
,Kerry Wynn\WynnKe00,DE,NYG,$600000
,Chris Hubbard\HubbCh00,G,PIT,$600000
,Adrian Phillips\PhilAd00,DB,SDG,$600000
,Cameron Brate\BratCa00,TE,TAM,$600000
,Ed Stinson\StinEd00,DE,ARI,$600000
,Andrew DePaola\DePaAn00,LS,TAM,$600000
,Mike Evans\EvanMi00,WR,TAM,$600000
,Kenny Wiggins\WiggKe00,T,SDG,$600000
,Adarius Glanton\GlanAd00,LB,TAM,$600000
,Fitzgerald Toussaint\TousFi00,RB,PIT,$600000
,Brock Coyle\CoylBr00,LB,SEA,$600000
,Garry Gilliam\GillGa01,T,SEA,$600000
,Chykie Brown\BrowCh05,DB,CIN,$600000
,Cassius Marsh\MarsCa00,DE,SEA,$600000
,Arrelious Benn\BennAr00,WR,JAX,$600000
,Kevin Pamphile\PampKe00,OT,TAM,$600000
1308,Eric Murray\MurrEr00,CB,KAN,$599950
1309,Chris Moore\MoorCh00,WR,BAL,$599090
1310,Griff Whalen\WhalGr00,WR,SDG,$595590
1311,Nick Kwiatkoski\KwiaNi00,ILB,CHI,$593780
1312,Ricardo Louis\LouiRi00,WR,CLE,$591962
1313,De'Vondre Campbell\CampDe00,OLB,ATL,$591382
1314,Hassan Ridgeway\RidgHa00,DT,IND,$590055
1315,Grady Jarrett\JarrGr00,DT,ATL,$586963
1316,Tyler Ervin\ErviTy00,RB,HOU,$586892
1317,Rashad Greene\GreeRa00,WR,JAX,$585953
1318,Ben Heeney\HeenBe00,ILB,OAK,$585681
1319,Adrian Amos\AmosAd00,FS,CHI,$583070
1320,Bobby McCain\McCaBo01,CB,MIA,$582072
1321,Deon Bush\BushDe00,FS,CHI,$581554
1322,Perry Riley\RilePe00,LB,OAK,$581176
1323,Brett Hundley\HundBr00,QB,GNB,$580908
1324,Jay Ajayi\AjayJa00,RB,MIA,$580203
1325,David Parry\ParrDa00,NT,IND,$580002
1326,Tyler Lockett\LockTy00,WR,SEA,$580000
1327,Antonio Morrison\MorrAn01,ILB,IND,$579976
1328,Kyle Emanuel\EmanKy00,OLB,SDG,$579643
1329,Demarcus Robinson\RobiDe01,WR,KAN,$579293
1330,Tony Lippett\LippTo00,WR,MIA,$578691
1331,C.J. Uzomah\UzomC.00,TE,CIN,$578190
1332,Deiondre' Hall\HallDe02,CB,CHI,$577722
1333,Jesse James\JameJe00,TE,PIT,$577228
1334,Jamon Brown\BrowJa04,OT,LAR,$575575
1335,D.J. Alexander\AlexD.00,OLB,KAN,$575563
,James O'Shaughnessy\O'ShJa00,TE,KAN,$575563
1337,Derrick Kindred\KindDe00,SS,CLE,$574839
1338,Lorenzo Doss\DossLo00,CB,DEN,$574303
1339,Ameer Abdullah\AbduAm00,RB,DET,$573915
1340,Alex Lewis\LewiAl01,OT,BAL,$572974
1341,Aaron Colvin\ColvAa00,CB,JAX,$572111
1342,Cameron Artis-Payne\ArtiCa00,RB,CAR,$566563
,David Mayo\MayoDa00,ILB,CAR,$566563
,Keith Mumphery\MumpKe00,WR,HOU,$566563
1345,Damion Square\SquaDa00,DE,SDG,$566176
1346,Gabe Ikard\IkarGa00,C,BUF,$564705
,Jordan Devey\DeveJo00,T,KAN,$564705
1348,Rakeem Nunez-Roches\NuneRa00,DT,KAN,$556621
1349,Ryan Quigley\QuigRy00,P,ARI,$555884
1350,Joplo Bartu\BartJo01,LB,ARI,$555882
1351,Darius Philon\PhilDa01,DT,SDG,$555146
1352,Malcolm Johnson\JohnMa06,FB,CLE,$554862
1353,Derron Smith\SmitDe05,FS,CIN,$554658
1354,Leterrius Walton\WaltLe00,DT,PIT,$554232
1355,Darius Kilgo\KilgDa01,DT,DEN,$552889
1356,Aaron Ripkowski\RipkAa00,FB,GNB,$551599
1357,P.J. Williams\WillP.00,CB,NOR,$550000
1358,Christian Covington\CoviCh00,DT,HOU,$547622
1359,Kenneth Dixon\DixoKe00,RB,BAL,$545848
,Devontae Booker\BookDe00,RB,DEN,$545848
,Seth Devalve\DevaSe00,TE,CLE,$545848
,Dean Lowry\LowrDe00,DE,GNB,$545848
,Blake Martinez\MartBl01,ILB,GNB,$545848
1364,Jordan Hicks\HickJo00,OLB,PHI,$543000
,Lorenzo Mauldin\MaulLo00,OLB,NYJ,$543000
1366,Chaz Green\GreeCh02,OT,DAL,$540375
1367,Eli Harold\HaroEl00,OLB,SFO,$540000
1368,Dexter McDonald\McDoDe02,CB,OAK,$539212
1369,Matt Jones\JoneMa04,RB,WAS,$539000
1370,Chris Scott\ScotCh23,T,CAR,$538823
1371,Denzell Goode\GoodDe01,OT,IND,$538196
1372,Trevor Siemian\SiemTr00,QB,DEN,$538195
1373,Chimdi Chekwa\ChekCh00,DB,MIA,$536470
,Sam Young\YounSa21,T,MIA,$536470
1375,Danielle Hunter\HuntDa01,DE,MIN,$536000
1376,Armonty Bryant\BryaAr00,DE,DET,$532551
1377,Dean Marlowe\MarlDe00,S,CAR,$530000
1378,Matt Barkley\BarkMa00,QB,CHI,$529411
,Devin Street\StreDe00,WR,IND,$529411
1380,Asante Cleveland\ClevAs00,TE,SDG,$529410
1381,Tenny Palepoi\PaleTe00,DT,SDG,$529168
1382,Cody Riggs\RiggCo00,CB,TEN,$527333
1383,Quinton Spain\SpaiQu00,OG,TEN,$527000
,Cameron Meredith\MereCa00,WR,CHI,$527000
,Greg Mancz\MancGr00,C,HOU,$527000
1386,La'el Collins\CollLa01,OT,DAL,$526750
1387,Corey Grant\GranCo00,RB,JAX,$526666
,Ladarius Gunter\GuntLa00,CB,GNB,$526666
,Nick Dzubnar\DzubNi00,LB,SDG,$526666
,Josh Lambo\LambJo00,K,SDG,$526666
1391,Kendall Lamm\LammKe00,T,HOU,$525666
1392,Matt Darr\DarrMa00,P,MIA,$525333
,Neville Hewitt\HewiNe00,LB,MIA,$525333
,Terron Ward\WardTe00,RB,ATL,$525333
1395,Thomas Rawls\RawlTh00,RB,SEA,$525000
,Jameis Winston\WinsJa00,QB,TAM,$525000
,Ryan Delaire\DelaRy00,DE,CAR,$525000
,Jason Myers\MyerJa00,K,JAX,$525000
,T.J. Clemmings\ClemT.00,OT,MIN,$525000
,Stefon Diggs\DiggSt00,WR,MIN,$525000
,Hayes Pullard\PullHa00,ILB,JAX,$525000
,Nick Easton\EastNi00,C,MIN,$525000
,Anthony Harris\HarrAn01,DB,MIN,$525000
,Neal Sterling\SterNe00,WR,JAX,$525000
,Khari Lee\LeexKh00,TE,DET,$525000
,Michael Burton\BurtMi00,FB,DET,$525000
,Zac Kerin\KeriZa00,C,MIN,$525000
,Shaquil Barrett\BarrSh00,OLB,DEN,$525000
,Brandon Copeland\CopeBr00,LB,DET,$525000
,James Ferentz\FereJa00,C,DEN,$525000
,Quandre Diggs\DiggQu00,CB,DET,$525000
,Bennie Fowler\FowlBe00,WR,DEN,$525000
,Chris Harper\HarpCh01,WR,SFO,$525000
,MyCole Pruitt\PruiMy00,TE,MIN,$525000
,Josh Andrews\AndrJo01,G,PHI,$525000
,Gabe Wright\WrigGa00,DT,CLE,$525000
,Edmond Robinson\RobiEd00,OLB,MIN,$525000
,Corey Robinson\RobiCo00,OT,DET,$525000
,Matt Paradis\ParaMa00,C,DEN,$525000
,Khyri Thornton\ThorKh00,DT,DET,$525000
,Zach Zenner\ZennZa00,RB,DET,$525000
,Andrew Donnal\DonnAn00,OT,LAR,$525000
,David Andrews\AndrDa00,C,NWE,$525000
,Bryce Hager\HageBr00,ILB,LAR,$525000
,Troy Hill\HillTr01,CB,LAR,$525000
,Joe Cardona\CardJo00,LS,NWE,$525000
,Justin Coleman\ColeJu01,CB,NWE,$525000
,Jared Abbrederis\AbbrJa00,WR,GNB,$525000
,Matt Longacre\LongMa00,DE,LAR,$525000
,Bradley Marquez\MarqBr00,WR,LAR,$525000
,Trey Flowers\FlowTr00,DE,NWE,$525000
,Nick Marshall\MarsNi00,CB,NYJ,$525000
,Geneo Grissom\GrisGe00,OLB,NWE,$525000
,Leon Orr\OrrxLe00,DT,MIA,$525000
,Seth Roberts\RobeSe00,WR,OAK,$525000
,Brandon King\KingBr02,DB,NWE,$525000
,Cody Wichmann\WichCo00,OG,LAR,$525000
,Shaq Mason\MasoSh01,C,NWE,$525000
,Javorius Allen\AlleJa01,RB,BAL,$525000
,Ed Reynolds\ReynEd00,FS,CLE,$525000
,Leonard Williams\WillLe02,DT,NYJ,$525000
,Houston Bates\BateHo00,OLB,WAS,$525000
,Brent Qvale\QvalBr01,T,NYJ,$525000
,Jamison Crowder\CrowJa00,WR,WAS,$525000
,Quinton Dunbar\DunbQu00,WR,WAS,$525000
,Kapri Bibbs\BibbKa00,RB,DEN,$525000
,Deshazor Everett\EverDe01,CB,WAS,$525000
,Carl Bradford\BradCa01,OLB,GNB,$525000
,Bryce Petty\PettBr01,QB,NYJ,$525000
,C.B. Bryant\BryaC.00,FS,ARI,$525000
,Rontez Miles\MileRo00,FS,NYJ,$525000
,Dexter McDougle\McDoDe00,CB,NYJ,$525000
,Patrick Murray\MurrPa01,K,CLE,$525000
,Joe Thomas\ThomJo04,LB,GNB,$525000
,Anthony Johnson\JohnAn04,DT,2TM,$525000
,Arie Kouandjio\KouaAr00,OG,WAS,$525000
,Ryan Russell\RussRy00,DE,TAM,$525000
,Sheldon Price\PricSh00,CB,BAL,$525000
,Quincy Enunwa\EnunQu00,WR,NYJ,$525000
,Dashaun Phillips\PhilDa00,CB,WAS,$525000
,Anthony Steen\SteeAn00,OG,MIA,$525000
,Rashad Ross\RossRa00,WR,WAS,$525000
,Nick O'Leary\OLeaNi00,TE,BUF,$525000
,Brandon Scherff\ScheBr00,OT,WAS,$525000
,Isaiah Burse\BursIs01,WR,SDG,$525000
,Deon Simon\SimoDe00,NT,NYJ,$525000
,David Irving\IrviDa00,DE,DAL,$525000
,Jonathan Anderson\AndeJo01,LB,CHI,$525000
,Bryce Callahan\CallBr00,CB,CHI,$525000
,Donald Hawkins\HawkDo01,G,CAR,$525000
,Jacoby Glenn\GlenJa01,DB,CHI,$525000
,Mark Nzeocha\NzeoMa00,OLB,DAL,$525000
,Rod Smith\SmitRo06,RB,DAL,$525000
,Blake Bell\BellBl00,TE,SFO,$525000
,Geoff Swaim\SwaiGe00,TE,DAL,$525000
,Harold Jones-Quartey\JoneHa02,DB,CHI,$525000
,Lucky Whitehead\WhitLu00,WR,DAL,$525000
,Akeem Hunt\HuntAk01,RB,HOU,$525000
,Charley Hughlett\HughCh01,LS,CLE,$525000
,Trenton Brown\BrowTr02,OT,SFO,$525000
,Damien Wilson\WilsDa02,ILB,DAL,$525000
,Delvin Breaux\BreaDe00,CB,NOR,$525000
,Mike Davis\DaviMi01,RB,SFO,$525000
,Jamie Meder\MedeJa00,DT,CLE,$525000
,Patrick Scales\ScalPa00,LS,CHI,$525000
,Brandon Coleman\ColeBr00,WR,NOR,$525000
,Tyeler Davison\DaviTy01,DT,NOR,$525000
,Brian Peters\PeteBr00,LB,HOU,$525000
,Jake Schum\SchuJa00,P,GNB,$525000
,Obum Gwacham\GwacOb00,DE,NOR,$525000
,Ricardo Allen\AlleRi00,CB,ATL,$525000
,Bradley Pinion\PiniBr00,P,SFO,$525000
,Andrew Franks\FranAn01,K,MIA,$525000
,Marcus Murphy\MurpMa03,RB,NOR,$525000
,Mike Purcell\PurcMi00,DT,SFO,$525000
,Mike Hull\HullMi02,LB,MIA,$525000
,Willie Snead\SneaWi00,WR,NOR,$525000
,George Atkinson\AtkiGe01,RB,CLE,$525000
,Thurston Armbrister\ArmbTh00,LB,DET,$525000
,Robenson Therezie\TherRo00,SS,ATL,$525000
,Alani Fua\FuaxAl00,OLB,ARI,$525000
,Bobby Hart\HartBo00,OG,NYG,$525000
,Rodney Gunter\GuntRo00,DT,ARI,$525000
,Tyreek Burwell\BurwTy00,T,SDG,$525000
,Jordan Berry\BerrJo00,P,PIT,$525000
,Chris Boswell\BoswCh00,K,PIT,$525000
,Anthony Chickillo\ChicAn00,DE,PIT,$525000
,David Johnson\JohnDa08,RB,ARI,$525000
,Owamagbe Odighizuwa\OdigOw00,DE,NYG,$525000
,Ramik Wilson\WilsRa00,ILB,KAN,$525000
,James Winchester\WincJa00,LS,KAN,$525000
,L.J. Fort\FortL.00,LB,PIT,$525000
,JJ Nelson\NelsJJ00,WR,ARI,$525000
,Will Tye\TyexWi00,TE,NYG,$525000
,Quan Bray\BrayQu00,WR,IND,$525000
,Sean McGrath\McGrSe00,TE,SDG,$525000
,Jude Adjei-Barimah\AdjeJu00,CB,TAM,$525000
,Kwon Alexander\AlexKw00,OLB,TAM,$525000
,Roosevelt Nix\NixxRo01,LB,PIT,$525000
,Anthony Johnson\JohnAn05,DL,NWE,$525000
,Xavier Williams\WillXa00,DT,ARI,$525000
,Tyrell Williams\WillTy00,WR,SDG,$525000
,Adam Humphries\HumpAd00,WR,TAM,$525000
,Alejandro Villanueva\VillAl00,OL,PIT,$525000
,T.Y. McGill\McGiT.00,DT,IND,$525000
,Howard Jones\JoneHo01,LB,TAM,$525000
,Josh Keyes\KeyeJo00,LB,TAM,$525000
,Mark Glowinski\GlowMa00,OG,SEA,$525000
1529,Jalen Collins\CollJa02,CB,ATL,$521315
1530,Tajae Sharpe\SharTa00,WR,TEN,$518721
1531,DeAndre Washington\WashDe00,RB,OAK,$517298
1532,Dominique Jones\JoneDo01,TE,MIA,$516178
,Steve Williams\WillSt02,CB,SDG,$516178
1534,Josh Evans\EvanJo00,FS,WAS,$516176
1535,Matt Judon\JudoMa00,DE,BAL,$513934
1536,Jordan Howard\HowaJo00,RB,CHI,$512005
1537,Jordan Payton\PaytJo00,WR,CLE,$511000
1538,Joe Haeg\HaegJo00,OT,IND,$510602
1539,Jonathan Williams\WillJo07,RB,BUF,$510228
1540,LeShaun Sims\SimsLe00,CB,TEN,$509546
1541,K.J. Dillon\DillK.00,S,HOU,$508734
1542,Trevor Davis\DaviTr03,WR,GNB,$506794
1543,D.J. Reader\ReadD.00,DT,HOU,$503845
1544,Spencer Drango\DranSp00,OG,CLE,$501912
1545,Tyreek Hill\HillTy00,WR,KAN,$497500
1546,Rashard Higgins\HiggRa00,WR,CLE,$496096
,Jatavis Brown\BrowJa05,OLB,SDG,$496096
1548,Korey Toomer\ToomKo00,ILB,SDG,$494117
1549,Michael Ola\OlaxMi00,T,BUF,$494116
1550,Andy Janovich\JanoAn00,FB,DEN,$491077
1551,D.J. White\WhitD.00,CB,KAN,$489253
1552,Drew Kaser\KaseDr00,P,SDG,$488456
1553,DeAndre Houston-Carson\HousDe00,FS,CHI,$485235
1554,Jakeem Grant\GranJa00,WR,MIA,$485095
1555,Sebastian Tretola\TretSe00,OG,TEN,$483185
1556,Cory James\JameCo00,OLB,OAK,$483119
1557,Derek Watt\WattDe00,FB,SDG,$482420
1558,Cody Core\CoreCo00,WR,CIN,$481983
1559,Kyle Murphy\MurpKy00,OT,GNB,$481535
1560,Dadi Nicolas\NicoDa00,DE,KAN,$480803
1561,Jordan Lucas\LucaJo00,SS,MIA,$479990
1562,Randall Telfer\TelfRa00,TE,CLE,$479384
1563,Demetri Goodson\GoodDe00,CB,GNB,$478543
1564,Maurice Canady\CanaMa00,CB,BAL,$475089
,Will Parks\ParkWi01,S,DEN,$475089
,Kevon Seymour\SeymKe00,CB,BUF,$475089
1567,Seantrel Henderson\HendSe00,OT,BUF,$471543
1568,Riley Dixon\DixoRi00,P,DEN,$470002
1569,Chris Reed\ReedCh00,G,JAX,$470000
1570,Vadal Alexander\AlexVa00,OG,OAK,$469211
1571,Clayton Fejedelem\FejeCl00,FS,CIN,$465887
1572,Tyler Matakevich\MataTy00,ILB,PIT,$465762
1573,Austin Blythe\BlytAu00,C,IND,$465497
1574,Cody Parkey\ParkCo03,K,CLE,$463235
,Shayne Skov\SkovSh00,ILB,SFO,$463235
1576,Freddie Martino\MartFr00,WR,TAM,$463230
1577,Mike Pennel\PennMi00,DT,GNB,$459716
1578,Jordan Tripp\TripJo00,OLB,SEA,$458823
,Brandon Dunn\DunnBr00,DT,HOU,$458823
,Aaron Lynch\LyncAa00,DE,SFO,$458823
,Brittan Golden\GoldBr00,WR,ARI,$458823
1582,Kerwynn Williams\WillKe05,RB,ARI,$458822
1583,Jeremy Cash\CashJe01,LB,CAR,$456666
1584,Josh Ferguson\FergJo02,RB,IND,$453333
,Justin March-Lillard\MarcJu00,LB,KAN,$453333
1586,Tracy Howard\HowaTr02,DB,CLE,$453000
1587,Eli Rogers\RogeEl00,WR,PIT,$451666
1588,Robert Kelley\KellRo00,RB,WAS,$450000
,Anthony Lanier\LaniAn00,DE,WAS,$450000
,Aaron Wallace\WallAa00,OLB,TEN,$450000
,Stephen Anderson\AndeSt01,TE,HOU,$450000
,Ronald Blair\BlaiRo00,DE,SFO,$450000
,Joel Heath\HeatJo01,DE,HOU,$450000
,Aaron Burbridge\BurbAa00,WR,SFO,$450000
,Brennan Scarlett\ScarBr00,LB,HOU,$450000
,Rashard Robinson\RobiRa00,CB,SFO,$450000
,Ross Travis\TravRo00,TE,KAN,$450000
,Evan Boehm\BoehEv00,C,ARI,$450000
,Matthias Farley\FarlMa00,DB,IND,$450000
,Marqui Christian\ChriMa00,SS,LAR,$450000
,Alex Collins\CollAl00,RB,SEA,$450000
,Edwin Jackson\JackEd00,LB,IND,$450000
,Joey Hunt\HuntJo00,C,SEA,$450000
,Curt Maggitt\MaggCu01,LB,IND,$450000
,Quinton Jefferson\JeffQu00,DT,SEA,$450000
,Chester Rogers\RogeCh02,WR,IND,$450000
,Josh Johnson\JohnJo07,DB,JAX,$450000
,Kentrell Brothers\BrotKe00,ILB,MIN,$450000
,Jared Norris\NorrJa01,LB,CAR,$450000
,Jayron Kearse\KearJa00,SS,MIN,$450000
,Bryce Treggs\TregBr00,WR,PHI,$450000
,David Morgan\MorgDa01,TE,MIN,$450000
,Destiny Vaeao\VaeaDe01,DT,PHI,$450000
,Pharoh Cooper\CoopPh00,WR,LAR,$450000
,Kentrell Brice\BricKe00,S,GNB,$450000
,Josh Forrest\ForrJo00,ILB,LAR,$450000
,Marwin Evans\EvanMa00,S,GNB,$450000
,Temarrick Hemingway\HemiTe00,TE,LAR,$450000
,Josh Hawkins\HawkJo00,CB,GNB,$450000
,Tyler Higbee\HigbTy00,TE,LAR,$450000
,Ken Crawley\CrawKe02,DB,NOR,$450000
,De'Vante Harris\HarrDe04,DB,NOR,$450000
,Erik Harris\HarrEr00,DB,NOR,$450000
,Tommylee Lewis\LewiTo00,WR,NOR,$450000
,Michael Thomas\ThomMi05,WR,NOR,$450000
,Landon Turner\TurnLa01,OL,NOR,$450000
,Roger Lewis\LewiRo03,WR,NYG,$450000
,Trevor Roach\RoacTr00,LB,CIN,$450000
,Romeo Okwara\OkwaRo01,DE,NYG,$450000
,DaVonte Lambert\LambDa01,DT,TAM,$450000
,Channing Ward\WardCh00,DE,TAM,$450000
,Thomas Duarte\DuarTh00,WR,MIA,$450000
,Wil Lutz\LutzWi00,K,NOR,$450000
,James Cowser\CowsJa00,LB,OAK,$450000
,Kerry Hyder\HydeKe01,DT,DET,$450000
,Peyton Barber\BarbPe01,RB,TAM,$450000
,Jordan Taylor\TaylJo01,WR,DEN,$450000
,Joe Dahl\DahlJo00,OG,DET,$450000
,Miles Killebrew\KillMi00,SS,DET,$450000
,Dwayne Washington\WashDw00,RB,DET,$450000
,Antwione Williams\WillAn01,OLB,DET,$450000
,Anthony Zettel\ZettAn00,DE,DET,$450000
,Andrew Adams\AdamAn01,S,NYG,$450000
,Malcolm Brown\BrowMa03,RB,LAR,$450000
,Jalen Mills\MillJa02,CB,PHI,$450000
,Wendell Smallwood\SmalWe00,RB,PHI,$450000
,Halapoulivaati Vaitai\VaitHa00,OT,PHI,$450000
,A.J. Derby\DerbA.00,TE,2TM,$450000
,Anthony Brown\BrowAn02,CB,DAL,$450000
,Kavon Frazier\FrazKa00,FS,DAL,$450000
,Dak Prescott\PresDa01,QB,DAL,$450000
,Daniel Lasco\LascDa00,RB,NOR,$450000
,David Onyemata\OnyeDa00,DT,NOR,$450000
,Jerell Adams\AdamJe01,TE,NYG,$450000
,B.J. Goodson\GoodB.00,OLB,NYG,$450000
,Paul Perkins\PerkPa00,RB,NYG,$450000
,Ted Karras\KarrTe00,OG,NWE,$450000
,Malcolm Mitchell\MitcMa01,WR,NWE,$450000
,Kevin Hogan\HogaKe00,QB,CLE,$450000
,Elandon Roberts\RobeEl00,ILB,NWE,$450000
,Frankie Williams\WillFr05,CB,IND,$450000
,Caleb Benenoch\BeneCa00,OT,TAM,$450000
,C.J. Smith\SmitC.00,CB,PHI,$450000
,Ryan Smith\SmitRy00,CB,TAM,$450000
,Dan Vitale\VitaDa00,FB,CLE,$450000
,Patrick Onwuasor\OnwuPa00,LB,BAL,$450000
,Jake Lampman\LampJa00,WR,NOR,$450000
,De'Vante Bausby\BausDe00,DB,CHI,$450000
,Maurice Harris\HarrMa05,WR,WAS,$450000
,Chris Landrum\LandCh00,LB,SDG,$450000
,Cornelius Edison\EdisCo00,OL,CHI,$450000
,Geronimo Allison\AlliGe01,WR,GNB,$450000
,Christian Ringo\RingCh00,DE,GNB,$450000
,Mack Brown\BrowMa02,RB,WAS,$450000
,Matt Lengel\LengMa00,TE,NWE,$450000
,Terrance Smith\SmitTe04,LB,KAN,$450000
,Ben Koyack\KoyaBe00,TE,JAX,$450000
,Eric Tomlinson\TomlEr01,TE,NYJ,$450000
,Lafayette Pitts\PittLa00,CB,MIA,$450000
,Joe Kerridge\KerrJo00,FB,GNB,$450000
,Ben Gottschalk\GottBe00,C,TAM,$450000
,Rashod Hill\HillRa01,T,JAX,$450000
,Austin Reiter\ReitAu00,C,CLE,$450000
,Vernon Hargreaves\HargVe00,CB,TAM,$450000
,Deon King\KingDe00,LB,SDG,$450000
,Blake Countess\CounBl00,CB,LAR,$450000
,Jake Brendel\BrenJa01,C,MIA,$450000
,Michael Palardy\PalaMi00,K,CAR,$450000
,Julius Warmsley\WarmJu00,DE,MIA,$450000
,Rick Lovato\LovaRi00,LS,WAS,$450000
,Christopher Milton\MiltCh00,CB,IND,$450000
,Shane McDermott\McDeSh01,C,NYG,$450000
,Martrell Spaight\SpaiMa00,OLB,WAS,$450000
,Casey Kreiter\KreiCa00,LS,DEN,$450000
,Chris Manhertz\ManhCh00,TE,2TM,$450000
,Paul Turner\TurnPa01,WR,PHI,$450000
,Matt Wile\WileMa01,K,ATL,$450000
,Jordan Dangerfield\DangJo00,FS,PIT,$450000
,Trovon Reed\ReedTr00,CB,SDG,$450000
,Xavier Grimble\GrimXa00,TE,PIT,$450000
,Mike Thomas\ThomMi04,WR,LAR,$450000
,John Wetzel\WetzJo00,T,ARI,$450000
,Vince Mayle\MaylVi00,WR,DAL,$450000
,C.J. Goodwin\GoodC.00,WR,ATL,$450000
,Tyler Larsen\LarsTy00,C,CAR,$450000
,Jamar Taylor\TaylJa01,CB,CLE,$450000
,Cobi Hamilton\HamiCo00,WR,PIT,$450000
,Darron Lee\LeexDa00,OLB,NYJ,$450000
,DeForest Buckner\BuckDe00,DE,SFO,$450000
,Joshua Garnett\GarnJo00,OG,SFO,$450000
,Germain Ifedi\IfedGe00,OT,SEA,$450000
,Laquon Treadwell\TreaLa00,WR,MIN,$450000
,Corey Moore\MoorCo00,S,HOU,$450000
,Jared Goff\GoffJa00,QB,LAR,$450000
,Taylor Decker\DeckTa00,OT,DET,$450000
,Josh Doctson\DoctJo00,WR,WAS,$450000
,Darryl Roberts\RobeDa00,CB,NYJ,$450000
,Carson Wentz\WentCa00,QB,PHI,$450000
,Garrison Smith\SmitGa01,DT,SEA,$450000
,Ezekiel Elliott\ElliEz00,RB,DAL,$450000
,Sheldon Rankins\RankSh00,DT,NOR,$450000
,Eli Apple\ApplEl00,CB,NYG,$450000
,Jordan Jenkins\JenkJo01,OLB,NYJ,$450000
,Kevin Byard\ByarKe01,S,TEN,$450000
,Tyrone Holmes\HolmTy01,OLB,CLE,$450000
,Robert Nkemdiche\NkemRo00,DT,ARI,$450000
,Brandon Williams\WillBr07,CB,ARI,$450000
,Rees Odhiambo\OdhiRe00,OG,SEA,$450000
,C.J. Prosise\ProsC.00,RB,SEA,$450000
,Jarran Reed\ReedJa02,DT,SEA,$450000
,Nick Vannett\VannNi00,TE,SEA,$450000
,Mackensie Alexander\AlexMa01,CB,MIN,$450000
,Bryan Witzmann\WitzBr00,T,KAN,$450000
,Kamu Grugier-Hill\GrugKa00,OLB,PHI,$450000
,Robert Thomas\ThomRo04,NT,NYG,$450000
,Robby Anderson\AndeRo04,WR,NYJ,$450000
,Brett Jones\JoneBr04,C,NYG,$450000
,Braedon Bowman\BowmBr00,TE,NYJ,$450000
,Jacoby Brissett\BrisJa00,QB,NWE,$450000
,Julian Howsare\HowsJu00,FB,NYJ,$450000
,Cyrus Jones\JoneCy00,CB,NWE,$450000
,Jalin Marshall\MarsJa01,WR,NYJ,$450000
,Joe Thuney\ThunJo00,OG,NWE,$450000
,Troymaine Pope\PopeTr00,RB,2TM,$450000
,Vincent Valentine\ValeVi00,DT,NWE,$450000
,Lawrence Thomas\ThomLa04,DE,NYJ,$450000
,Gabe Martin\MartGa00,LB,ARI,$450000
,Kameron Canaday\CanaKa00,LS,ARI,$450000
,Lamar Louis\LouiLa00,LB,ARI,$450000
,Trevone Boykin\BoykTr00,QB,SEA,$450000
,DeAndre Elliott\ElliDe01,CB,SEA,$450000
,George Fant\FantGe00,T,SEA,$450000
,Mykkele Thompson\ThomMy00,S,NYG,$450000
,Nolan Frese\FresNo00,LS,SEA,$450000
,Tanner McEvoy\McEvTa01,WR,SEA,$450000
,Tyvis Powell\PoweTy01,FS,SEA,$450000
,Tani Tupou\TupoTa01,DT,SEA,$450000
,Nic Grigsby\GrigNi01,LB,LAR,$450000
,Graham Glasgow\GlasGr00,OG,DET,$450000
,Cory Littleton\LittCo01,LB,LAR,$450000
,A'Shawn Robinson\RobiAS00,DT,DET,$450000
,Michael Pierce\PierMi00,DT,BAL,$450000
,Paul Lasike\LasiPa00,FB,CHI,$450000
,Cre'von LeBlanc\LeBlCr01,DB,CHI,$450000
,Su'a Cravens\CravSu00,OLB,WAS,$450000
,B.J. Finney\FinnB.01,C,PIT,$450000
,Kendall Fuller\FullKe00,CB,WAS,$450000
,Jarrod Wilson\WilsJa00,S,JAX,$450000
,Zaire Anderson\AndeZa01,LB,DEN,$450000
,D.J. Foster\FostD.01,RB,NWE,$450000
,Jonathan Jones\JoneJo03,DB,NWE,$450000
,Glenn Gronkowski\GronGl01,FB,BUF,$450000
,Dominique Alexander\AlexDo01,LB,CLE,$450000
,Isaac Seumalo\SeumIs00,OG,PHI,$450000
,Briean Boddy-Calhoun\BoddBr01,DB,CLE,$450000
,Joshua Perkins\PerkJo02,TE,ATL,$450000
,Maliek Collins\CollMa00,DT,DAL,$450000
,Brian Poole\PoolBr01,S,ATL,$450000
,Vonn Bell\BellVo00,SS,NOR,$450000
,Kenneth Farrow\FarrKe02,RB,SDG,$450000
,Sterling Shepard\ShepSt00,WR,NYG,$450000
,Dexter McCoil\McCoDe00,S,SDG,$450000
,Darian Thompson\ThomDa05,FS,NYG,$450000
,Spencer Pulley\PullSp00,C,SDG,$450000
,Roberto Aguayo\AguaRo00,K,TAM,$450000
,Alex Erickson\EricAl01,WR,CIN,$450000
,Noah Spence\SpenNo00,DE,TAM,$450000
,Adairius Barnes\BarnAd01,CB,DET,$450000
,Juston Burris\BurrJu00,CB,NYJ,$450000
,Cole Wick\WickCo00,TE,DET,$450000
,Lac Edwards\EdwaLa01,P,NYJ,$450000
,Antonio Hamilton\HamiAn01,CB,OAK,$450000
,Charone Peake\PeakCh00,WR,NYJ,$450000
,Johnny Holton\HoltJo00,WR,OAK,$450000
,Richard Ash\AshxRi00,DT,JAX,$450000
,Erik Swoope\SwooEr00,TE,IND,$450000
,Brandon Shell\ShelBr00,OT,NYJ,$450000
,Darius Latham\LathDa01,DT,OAK,$450000
,Jalen Richard\RichJa01,RB,OAK,$450000
1800,Emmett Cleary\CleaEm01,T,DAL,$432348
,Cam Johnson\JohnCa01,DE,CLE,$432348
,Vinston Painter\PainVi00,OT,WAS,$432348
,Je'Ron Hamm\HammJe01,TE,SFO,$432348
,John Timu\TimuJo00,ILB,CHI,$432348
1805,Darren Waller\WallDa01,WR,BAL,$429245
1806,Jeremy Butler\ButlJe01,WR,SDG,$401470
,Cameron Lynch\LyncCa00,LB,TAM,$401470
1808,Daniel Brown\BrowDa04,WR,2TM,$401466
1809,Matthew Ioannidis\IoanMa01,DT,WAS,$397058
1810,Alan Cross\CrosAl00,TE,TAM,$397050
,Raheem Mostert\MostRa00,RB,CHI,$397050
,Brian Price\PricBr00,DT,GNB,$397050
,Curtis Riley\RileCu00,CB,TEN,$397050
1814,Ulrick John\JohnUl00,OT,ARI,$370588
1815,Willie Beavers\BeavWi00,OT,MIN,$370580
,Michael Hunter\HuntMi00,CB,NYG,$370580
,Denver Kirkland\KirkDe01,G,OAK,$370580
,Ben Braunecker\BrauBe00,TE,CHI,$370580
,Jeremy Vujnovich\VujnJe00,T,IND,$370580
1820,Lonnie Ballentine\BallLo00,FS,HOU,$359474
1821,Zach Vigil\VigiZa00,ILB,MIA,$351333
1822,Josh Wells\WellJo02,T,JAX,$349000
1823,Hakeem Valles\VallHa00,TE,ARI,$344117
1824,Trevor Bates\BateTr00,LB,IND,$344110
,Gerald Christian\ChriGe00,TE,BUF,$344110
,Connor Hamlett\HamlCo01,TE,CLE,$344110
,Zack Sanchez\SancZa00,CB,CAR,$344110
,Ryan O'Malley\OMalRy00,TE,OAK,$344110
,Al-Hajj Shabazz\ShabAl00,CB,PIT,$344110
,Woodrow Hamilton\HamiWo00,DL,NWE,$344110
,Trevor Williams\WillTr05,CB,SDG,$344110
,Russell Hansbrough\HansRu00,RB,TAM,$344110
,Matt Feiler\FeilMa00,T,PIT,$344110
1834,JaCorey Shepherd\ShepJa00,CB,SFO,$317640
1835,Thomas Gafford\GaffTh20,LB,DEN,$312352
1836,Don Jackson\JackDo01,RB,GNB,$291170
1837,Nick Boyle\BoylNi00,TE,BAL,$247960
1838,Lou Young\YounLo00,CB,CAR,$211764
,Terrance Mitchell\MitcTe00,CB,KAN,$211764
,Jordan Gay\GayxJo00,P,BUF,$211764
,Vinnie Sunseri\SunsVi00,SS,SFO,$211764
1842,David Yankey\YankDa00,OG,CAR,$185292
1843,Ayodeji Olatoye\OlatAy00,DB,ATL,$185284
1844,George Farmer\FarmGe02,RB,SEA,$158820
,Javien Elliott\ElliJa01,CB,TAM,$158820
,Alex Ellis\ElliAl01,TE,JAX,$158820
,Tyler Ott\OttxTy00,LS,CIN,$158820
,Ufomba Kamalu\KamaUf00,DE,HOU,$158820
,Tyrell Adams\AdamTy00,LB,OAK,$158820
1850,Marcus Ball\BallMa00,S,CAR,$154411
1851,Myles Jack\JackMy00,OLB,JAX,$151716
1852,Ifeanyi Momah\MomaIf00,WR,ARI,$117300
