"url","Team","Wins","Losses","Tie","Points For","Points Against","Touchdowns","Home","Road"
"http://www.nfl.com/standings?category=div&season=2007-REG&split=Overall","New England Patriots","16","0","0","589","274","75","8-0","8-0"
"http://www.nfl.com/standings?category=div&season=2007-REG&split=Overall","Buffalo Bills","7","9","0","252","354","25","4-4","3-5"
"http://www.nfl.com/standings?category=div&season=2007-REG&split=Overall","New York Jets","4","12","0","268","355","26","3-5","1-7"
"http://www.nfl.com/standings?category=div&season=2007-REG&split=Overall","Miami Dolphins","1","15","0","267","437","29","1-7","0-8"
"http://www.nfl.com/standings?category=div&season=2007-REG&split=Overall","Pittsburgh Steelers","10","6","0","393","269","46","7-1","3-5"
"http://www.nfl.com/standings?category=div&season=2007-REG&split=Overall","Cleveland Browns","10","6","0","402","382","46","7-1","3-5"
"http://www.nfl.com/standings?category=div&season=2007-REG&split=Overall","Cincinnati Bengals","7","9","0","380","385","41","5-3","2-6"
"http://www.nfl.com/standings?category=div&season=2007-REG&split=Overall","Baltimore Ravens","5","11","0","275","384","28","4-4","1-7"
"http://www.nfl.com/standings?category=div&season=2007-REG&split=Overall","Indianapolis Colts","13","3","0","450","262","54","6-2","7-1"
"http://www.nfl.com/standings?category=div&season=2007-REG&split=Overall","Jacksonville Jaguars","11","5","0","411","304","50","6-2","5-3"
"http://www.nfl.com/standings?category=div&season=2007-REG&split=Overall","Tennessee Titans","10","6","0","301","297","28","5-3","5-3"
"http://www.nfl.com/standings?category=div&season=2007-REG&split=Overall","Houston Texans","8","8","0","379","384","43","6-2","2-6"
"http://www.nfl.com/standings?category=div&season=2007-REG&split=Overall","San Diego Chargers","11","5","0","412","284","49","7-1","4-4"
"http://www.nfl.com/standings?category=div&season=2007-REG&split=Overall","Denver Broncos","7","9","0","320","409","34","5-3","2-6"
"http://www.nfl.com/standings?category=div&season=2007-REG&split=Overall","Kansas City Chiefs","4","12","0","226","335","24","2-6","2-6"
"http://www.nfl.com/standings?category=div&season=2007-REG&split=Overall","Oakland Raiders","4","12","0","283","398","30","2-6","2-6"
"http://www.nfl.com/standings?category=div&season=2007-REG&split=Overall","Dallas Cowboys","13","3","0","455","325","54","6-2","7-1"
"http://www.nfl.com/standings?category=div&season=2007-REG&split=Overall","New York Giants","10","6","0","373","351","44","3-5","7-1"
"http://www.nfl.com/standings?category=div&season=2007-REG&split=Overall","Washington Redskins","9","7","0","334","310","35","5-3","4-4"
"http://www.nfl.com/standings?category=div&season=2007-REG&split=Overall","Philadelphia Eagles","8","8","0","336","300","38","3-5","5-3"
"http://www.nfl.com/standings?category=div&season=2007-REG&split=Overall","Green Bay Packers","13","3","0","435","291","49","7-1","6-2"
"http://www.nfl.com/standings?category=div&season=2007-REG&split=Overall","Minnesota Vikings","8","8","0","365","311","43","5-3","3-5"
"http://www.nfl.com/standings?category=div&season=2007-REG&split=Overall","Detroit Lions","7","9","0","346","444","37","5-3","2-6"
"http://www.nfl.com/standings?category=div&season=2007-REG&split=Overall","Chicago Bears","7","9","0","334","348","34","4-4","3-5"
"http://www.nfl.com/standings?category=div&season=2007-REG&split=Overall","Tampa Bay Buccaneers","9","7","0","334","270","36","6-2","3-5"
"http://www.nfl.com/standings?category=div&season=2007-REG&split=Overall","Carolina Panthers","7","9","0","267","347","28","2-6","5-3"
"http://www.nfl.com/standings?category=div&season=2007-REG&split=Overall","New Orleans Saints","7","9","0","379","388","47","3-5","4-4"
"http://www.nfl.com/standings?category=div&season=2007-REG&split=Overall","Atlanta Falcons","4","12","0","259","414","26","3-5","1-7"
"http://www.nfl.com/standings?category=div&season=2007-REG&split=Overall","Seattle Seahawks","10","6","0","393","291","44","7-1","3-5"
"http://www.nfl.com/standings?category=div&season=2007-REG&split=Overall","Arizona Cardinals","8","8","0","404","399","49","6-2","2-6"
"http://www.nfl.com/standings?category=div&season=2007-REG&split=Overall","San Francisco 49ers","5","11","0","219","364","24","3-5","2-6"
"http://www.nfl.com/standings?category=div&season=2007-REG&split=Overall","St. Louis Rams","3","13","0","263","438","27","1-7","2-6"
"http://www.nfl.com/standings?category=div&season=2008-REG&split=Overall","Miami Dolphins","11","5","0","345","317","40","5-3","6-2"
"http://www.nfl.com/standings?category=div&season=2008-REG&split=Overall","New England Patriots","11","5","0","410","309","43","5-3","6-2"
"http://www.nfl.com/standings?category=div&season=2008-REG&split=Overall","New York Jets","9","7","0","405","356","48","5-3","4-4"
"http://www.nfl.com/standings?category=div&season=2008-REG&split=Overall","Buffalo Bills","7","9","0","336","342","35","3-5","4-4"
"http://www.nfl.com/standings?category=div&season=2008-REG&split=Overall","Pittsburgh Steelers","12","4","0","347","223","38","6-2","6-2"
"http://www.nfl.com/standings?category=div&season=2008-REG&split=Overall","Baltimore Ravens","11","5","0","385","244","42","6-2","5-3"
"http://www.nfl.com/standings?category=div&season=2008-REG&split=Overall","Cincinnati Bengals","4","11","1","204","364","20","3-4-1","1-7"
"http://www.nfl.com/standings?category=div&season=2008-REG&split=Overall","Cleveland Browns","4","12","0","232","350","20","1-7","3-5"
"http://www.nfl.com/standings?category=div&season=2008-REG&split=Overall","Tennessee Titans","13","3","0","375","234","41","7-1","6-2"
"http://www.nfl.com/standings?category=div&season=2008-REG&split=Overall","Indianapolis Colts","12","4","0","377","298","45","6-2","6-2"
"http://www.nfl.com/standings?category=div&season=2008-REG&split=Overall","Houston Texans","8","8","0","366","394","40","6-2","2-6"
"http://www.nfl.com/standings?category=div&season=2008-REG&split=Overall","Jacksonville Jaguars","5","11","0","302","367","35","2-6","3-5"
"http://www.nfl.com/standings?category=div&season=2008-REG&split=Overall","San Diego Chargers","8","8","0","439","347","51","5-3","3-5"
"http://www.nfl.com/standings?category=div&season=2008-REG&split=Overall","Denver Broncos","8","8","0","370","448","42","4-4","4-4"
"http://www.nfl.com/standings?category=div&season=2008-REG&split=Overall","Oakland Raiders","5","11","0","263","388","27","2-6","3-5"
"http://www.nfl.com/standings?category=div&season=2008-REG&split=Overall","Kansas City Chiefs","2","14","0","291","440","35","1-7","1-7"
"http://www.nfl.com/standings?category=div&season=2008-REG&split=Overall","New York Giants","12","4","0","427","294","45","7-1","5-3"
"http://www.nfl.com/standings?category=div&season=2008-REG&split=Overall","Philadelphia Eagles","9","6","1","416","289","45","6-2","3-4-1"
"http://www.nfl.com/standings?category=div&season=2008-REG&split=Overall","Dallas Cowboys","9","7","0","362","365","43","6-2","3-5"
"http://www.nfl.com/standings?category=div&season=2008-REG&split=Overall","Washington Redskins","8","8","0","265","296","27","4-4","4-4"
"http://www.nfl.com/standings?category=div&season=2008-REG&split=Overall","Minnesota Vikings","10","6","0","379","333","41","6-2","4-4"
"http://www.nfl.com/standings?category=div&season=2008-REG&split=Overall","Chicago Bears","9","7","0","375","350","42","6-2","3-5"
"http://www.nfl.com/standings?category=div&season=2008-REG&split=Overall","Green Bay Packers","6","10","0","419","380","48","4-4","2-6"
"http://www.nfl.com/standings?category=div&season=2008-REG&split=Overall","Detroit Lions","0","16","0","268","517","29","0-8","0-8"
"http://www.nfl.com/standings?category=div&season=2008-REG&split=Overall","Carolina Panthers","12","4","0","414","329","47","8-0","4-4"
"http://www.nfl.com/standings?category=div&season=2008-REG&split=Overall","Atlanta Falcons","11","5","0","391","325","43","7-1","4-4"
"http://www.nfl.com/standings?category=div&season=2008-REG&split=Overall","Tampa Bay Buccaneers","9","7","0","361","323","38","6-2","3-5"
"http://www.nfl.com/standings?category=div&season=2008-REG&split=Overall","New Orleans Saints","8","8","0","463","393","57","6-2","2-6"
"http://www.nfl.com/standings?category=div&season=2008-REG&split=Overall","Arizona Cardinals","9","7","0","427","426","51","6-2","3-5"
"http://www.nfl.com/standings?category=div&season=2008-REG&split=Overall","San Francisco 49ers","7","9","0","339","381","36","4-4","3-5"
"http://www.nfl.com/standings?category=div&season=2008-REG&split=Overall","Seattle Seahawks","4","12","0","294","392","32","2-6","2-6"
"http://www.nfl.com/standings?category=div&season=2008-REG&split=Overall","St. Louis Rams","2","14","0","232","465","20","1-7","1-7"
"http://www.nfl.com/standings?category=div&season=2009-REG&split=Overall","New England Patriots","10","6","0","427","285","50","8-0","2-6"
"http://www.nfl.com/standings?category=div&season=2009-REG&split=Overall","New York Jets","9","7","0","348","236","37","4-4","5-3"
"http://www.nfl.com/standings?category=div&season=2009-REG&split=Overall","Miami Dolphins","7","9","0","360","390","41","4-4","3-5"
"http://www.nfl.com/standings?category=div&season=2009-REG&split=Overall","Buffalo Bills","6","10","0","258","326","25","3-5","3-5"
"http://www.nfl.com/standings?category=div&season=2009-REG&split=Overall","Cincinnati Bengals","10","6","0","305","291","34","6-2","4-4"
"http://www.nfl.com/standings?category=div&season=2009-REG&split=Overall","Baltimore Ravens","9","7","0","391","261","47","6-2","3-5"
"http://www.nfl.com/standings?category=div&season=2009-REG&split=Overall","Pittsburgh Steelers","9","7","0","368","324","41","6-2","3-5"
"http://www.nfl.com/standings?category=div&season=2009-REG&split=Overall","Cleveland Browns","5","11","0","245","375","25","3-5","2-6"
"http://www.nfl.com/standings?category=div&season=2009-REG&split=Overall","Indianapolis Colts","14","2","0","416","307","53","7-1","7-1"
"http://www.nfl.com/standings?category=div&season=2009-REG&split=Overall","Houston Texans","9","7","0","388","333","46","4-4","5-3"
"http://www.nfl.com/standings?category=div&season=2009-REG&split=Overall","Tennessee Titans","8","8","0","354","402","39","5-3","3-5"
"http://www.nfl.com/standings?category=div&season=2009-REG&split=Overall","Jacksonville Jaguars","7","9","0","290","380","34","5-3","2-6"
"http://www.nfl.com/standings?category=div&season=2009-REG&split=Overall","San Diego Chargers","13","3","0","454","320","51","6-2","7-1"
"http://www.nfl.com/standings?category=div&season=2009-REG&split=Overall","Denver Broncos","8","8","0","326","324","34","4-4","4-4"
"http://www.nfl.com/standings?category=div&season=2009-REG&split=Overall","Oakland Raiders","5","11","0","197","379","17","2-6","3-5"
"http://www.nfl.com/standings?category=div&season=2009-REG&split=Overall","Kansas City Chiefs","4","12","0","294","424","31","1-7","3-5"
"http://www.nfl.com/standings?category=div&season=2009-REG&split=Overall","Dallas Cowboys","11","5","0","361","250","43","6-2","5-3"
"http://www.nfl.com/standings?category=div&season=2009-REG&split=Overall","Philadelphia Eagles","11","5","0","429","337","47","6-2","5-3"
"http://www.nfl.com/standings?category=div&season=2009-REG&split=Overall","New York Giants","8","8","0","402","427","46","4-4","4-4"
"http://www.nfl.com/standings?category=div&season=2009-REG&split=Overall","Washington Redskins","4","12","0","266","336","29","3-5","1-7"
"http://www.nfl.com/standings?category=div&season=2009-REG&split=Overall","Minnesota Vikings","12","4","0","470","312","56","8-0","4-4"
"http://www.nfl.com/standings?category=div&season=2009-REG&split=Overall","Green Bay Packers","11","5","0","461","297","54","6-2","5-3"
"http://www.nfl.com/standings?category=div&season=2009-REG&split=Overall","Chicago Bears","7","9","0","327","375","36","5-3","2-6"
"http://www.nfl.com/standings?category=div&season=2009-REG&split=Overall","Detroit Lions","2","14","0","262","494","28","2-6","0-8"
"http://www.nfl.com/standings?category=div&season=2009-REG&split=Overall","New Orleans Saints","13","3","0","510","341","64","6-2","7-1"
"http://www.nfl.com/standings?category=div&season=2009-REG&split=Overall","Atlanta Falcons","9","7","0","363","325","44","6-2","3-5"
"http://www.nfl.com/standings?category=div&season=2009-REG&split=Overall","Carolina Panthers","8","8","0","315","308","35","5-3","3-5"
"http://www.nfl.com/standings?category=div&season=2009-REG&split=Overall","Tampa Bay Buccaneers","3","13","0","244","400","28","1-7","2-6"
"http://www.nfl.com/standings?category=div&season=2009-REG&split=Overall","Arizona Cardinals","10","6","0","375","325","46","4-4","6-2"
"http://www.nfl.com/standings?category=div&season=2009-REG&split=Overall","San Francisco 49ers","8","8","0","330","281","39","6-2","2-6"
"http://www.nfl.com/standings?category=div&season=2009-REG&split=Overall","Seattle Seahawks","5","11","0","280","390","30","4-4","1-7"
"http://www.nfl.com/standings?category=div&season=2009-REG&split=Overall","St. Louis Rams","1","15","0","175","436","17","0-8","1-7"
"http://www.nfl.com/standings?category=div&season=2010-REG&split=Overall","New England Patriots","14","2","0","518","313","65","8-0","6-2"
"http://www.nfl.com/standings?category=div&season=2010-REG&split=Overall","New York Jets","11","5","0","367","304","39","5-3","6-2"
"http://www.nfl.com/standings?category=div&season=2010-REG&split=Overall","Miami Dolphins","7","9","0","273","333","26","1-7","6-2"
"http://www.nfl.com/standings?category=div&season=2010-REG&split=Overall","Buffalo Bills","4","12","0","283","425","34","2-6","2-6"
"http://www.nfl.com/standings?category=div&season=2010-REG&split=Overall","Pittsburgh Steelers","12","4","0","375","232","41","5-3","7-1"
"http://www.nfl.com/standings?category=div&season=2010-REG&split=Overall","Baltimore Ravens","12","4","0","357","270","40","7-1","5-3"
"http://www.nfl.com/standings?category=div&season=2010-REG&split=Overall","Cleveland Browns","5","11","0","271","332","29","3-5","2-6"
"http://www.nfl.com/standings?category=div&season=2010-REG&split=Overall","Cincinnati Bengals","4","12","0","322","395","36","3-5","1-7"
"http://www.nfl.com/standings?category=div&season=2010-REG&split=Overall","Indianapolis Colts","10","6","0","435","388","51","6-2","4-4"
"http://www.nfl.com/standings?category=div&season=2010-REG&split=Overall","Jacksonville Jaguars","8","8","0","353","419","41","5-3","3-5"
"http://www.nfl.com/standings?category=div&season=2010-REG&split=Overall","Houston Texans","6","10","0","390","427","44","4-4","2-6"
"http://www.nfl.com/standings?category=div&season=2010-REG&split=Overall","Tennessee Titans","6","10","0","356","339","40","3-5","3-5"
"http://www.nfl.com/standings?category=div&season=2010-REG&split=Overall","Kansas City Chiefs","10","6","0","366","326","44","7-1","3-5"
"http://www.nfl.com/standings?category=div&season=2010-REG&split=Overall","San Diego Chargers","9","7","0","441","322","51","6-2","3-5"
"http://www.nfl.com/standings?category=div&season=2010-REG&split=Overall","Oakland Raiders","8","8","0","410","371","44","5-3","3-5"
"http://www.nfl.com/standings?category=div&season=2010-REG&split=Overall","Denver Broncos","4","12","0","344","471","40","3-5","1-7"
"http://www.nfl.com/standings?category=div&season=2010-REG&split=Overall","Philadelphia Eagles","10","6","0","439","377","49","4-4","6-2"
"http://www.nfl.com/standings?category=div&season=2010-REG&split=Overall","New York Giants","10","6","0","394","347","48","5-3","5-3"
"http://www.nfl.com/standings?category=div&season=2010-REG&split=Overall","Dallas Cowboys","6","10","0","394","436","46","2-6","4-4"
"http://www.nfl.com/standings?category=div&season=2010-REG&split=Overall","Washington Redskins","6","10","0","302","377","33","2-6","4-4"
"http://www.nfl.com/standings?category=div&season=2010-REG&split=Overall","Chicago Bears","11","5","0","334","286","37","5-3","6-2"
"http://www.nfl.com/standings?category=div&season=2010-REG&split=Overall","Green Bay Packers","10","6","0","388","240","46","7-1","3-5"
"http://www.nfl.com/standings?category=div&season=2010-REG&split=Overall","Detroit Lions","6","10","0","362","369","41","4-4","2-6"
"http://www.nfl.com/standings?category=div&season=2010-REG&split=Overall","Minnesota Vikings","6","10","0","281","348","33","4-4","2-6"
"http://www.nfl.com/standings?category=div&season=2010-REG&split=Overall","Atlanta Falcons","13","3","0","414","288","47","7-1","6-2"
"http://www.nfl.com/standings?category=div&season=2010-REG&split=Overall","New Orleans Saints","11","5","0","384","307","44","5-3","6-2"
"http://www.nfl.com/standings?category=div&season=2010-REG&split=Overall","Tampa Bay Buccaneers","10","6","0","341","318","39","4-4","6-2"
"http://www.nfl.com/standings?category=div&season=2010-REG&split=Overall","Carolina Panthers","2","14","0","196","408","17","2-6","0-8"
"http://www.nfl.com/standings?category=div&season=2010-REG&split=Overall","Seattle Seahawks","7","9","0","310","407","33","5-3","2-6"
"http://www.nfl.com/standings?category=div&season=2010-REG&split=Overall","St. Louis Rams","7","9","0","289","328","27","5-3","2-6"
"http://www.nfl.com/standings?category=div&season=2010-REG&split=Overall","San Francisco 49ers","6","10","0","305","346","34","5-3","1-7"
"http://www.nfl.com/standings?category=div&season=2010-REG&split=Overall","Arizona Cardinals","5","11","0","289","434","31","4-4","1-7"
"http://www.nfl.com/standings?category=div&season=2011-REG&split=Overall","New England Patriots","13","3","0","513","342","61","7-1","6-2"
"http://www.nfl.com/standings?category=div&season=2011-REG&split=Overall","New York Jets","8","8","0","377","363","45","6-2","2-6"
"http://www.nfl.com/standings?category=div&season=2011-REG&split=Overall","Miami Dolphins","6","10","0","329","313","33","4-4","2-6"
"http://www.nfl.com/standings?category=div&season=2011-REG&split=Overall","Buffalo Bills","6","10","0","372","434","43","5-3","1-7"
"http://www.nfl.com/standings?category=div&season=2011-REG&split=Overall","Baltimore Ravens","12","4","0","378","266","41","8-0","4-4"
"http://www.nfl.com/standings?category=div&season=2011-REG&split=Overall","Pittsburgh Steelers","12","4","0","325","227","36","7-1","5-3"
"http://www.nfl.com/standings?category=div&season=2011-REG&split=Overall","Cincinnati Bengals","9","7","0","344","323","35","4-4","5-3"
"http://www.nfl.com/standings?category=div&season=2011-REG&split=Overall","Cleveland Browns","4","12","0","218","307","21","3-5","1-7"
"http://www.nfl.com/standings?category=div&season=2011-REG&split=Overall","Houston Texans","10","6","0","381","278","41","5-3","5-3"
"http://www.nfl.com/standings?category=div&season=2011-REG&split=Overall","Tennessee Titans","9","7","0","325","317","34","5-3","4-4"
"http://www.nfl.com/standings?category=div&season=2011-REG&split=Overall","Jacksonville Jaguars","5","11","0","243","329","25","4-4","1-7"
"http://www.nfl.com/standings?category=div&season=2011-REG&split=Overall","Indianapolis Colts","2","14","0","243","430","25","2-6","0-8"
"http://www.nfl.com/standings?category=div&season=2011-REG&split=Overall","Denver Broncos","8","8","0","309","390","36","3-5","5-3"
"http://www.nfl.com/standings?category=div&season=2011-REG&split=Overall","San Diego Chargers","8","8","0","406","377","46","5-3","3-5"
"http://www.nfl.com/standings?category=div&season=2011-REG&split=Overall","Oakland Raiders","8","8","0","359","433","38","3-5","5-3"
"http://www.nfl.com/standings?category=div&season=2011-REG&split=Overall","Kansas City Chiefs","7","9","0","212","338","20","3-5","4-4"
"http://www.nfl.com/standings?category=div&season=2011-REG&split=Overall","New York Giants","9","7","0","394","400","47","4-4","5-3"
"http://www.nfl.com/standings?category=div&season=2011-REG&split=Overall","Philadelphia Eagles","8","8","0","396","328","46","3-5","5-3"
"http://www.nfl.com/standings?category=div&season=2011-REG&split=Overall","Dallas Cowboys","8","8","0","369","347","39","5-3","3-5"
"http://www.nfl.com/standings?category=div&season=2011-REG&split=Overall","Washington Redskins","5","11","0","288","367","28","2-6","3-5"
"http://www.nfl.com/standings?category=div&season=2011-REG&split=Overall","Green Bay Packers","15","1","0","560","359","70","8-0","7-1"
"http://www.nfl.com/standings?category=div&season=2011-REG&split=Overall","Detroit Lions","10","6","0","474","387","57","5-3","5-3"
"http://www.nfl.com/standings?category=div&season=2011-REG&split=Overall","Chicago Bears","8","8","0","353","341","38","5-3","3-5"
"http://www.nfl.com/standings?category=div&season=2011-REG&split=Overall","Minnesota Vikings","3","13","0","340","449","39","1-7","2-6"
"http://www.nfl.com/standings?category=div&season=2011-REG&split=Overall","New Orleans Saints","13","3","0","547","339","66","8-0","5-3"
"http://www.nfl.com/standings?category=div&season=2011-REG&split=Overall","Atlanta Falcons","10","6","0","402","350","46","6-2","4-4"
"http://www.nfl.com/standings?category=div&season=2011-REG&split=Overall","Carolina Panthers","6","10","0","406","429","48","3-5","3-5"
"http://www.nfl.com/standings?category=div&season=2011-REG&split=Overall","Tampa Bay Buccaneers","4","12","0","287","494","30","3-5","1-7"
"http://www.nfl.com/standings?category=div&season=2011-REG&split=Overall","San Francisco 49ers","13","3","0","380","229","35","7-1","6-2"
"http://www.nfl.com/standings?category=div&season=2011-REG&split=Overall","Arizona Cardinals","8","8","0","312","348","37","6-2","2-6"
"http://www.nfl.com/standings?category=div&season=2011-REG&split=Overall","Seattle Seahawks","7","9","0","321","315","35","4-4","3-5"
"http://www.nfl.com/standings?category=div&season=2011-REG&split=Overall","St. Louis Rams","2","14","0","193","407","18","1-7","1-7"
"http://www.nfl.com/standings?category=div&season=2012-REG&split=Overall","New England Patriots","12","4","0","557","331","67","6-2","6-2"
"http://www.nfl.com/standings?category=div&season=2012-REG&split=Overall","Miami Dolphins","7","9","0","288","317","31","5-3","2-6"
"http://www.nfl.com/standings?category=div&season=2012-REG&split=Overall","New York Jets","6","10","0","281","375","31","3-5","3-5"
"http://www.nfl.com/standings?category=div&season=2012-REG&split=Overall","Buffalo Bills","6","10","0","344","435","40","4-4","2-6"
"http://www.nfl.com/standings?category=div&season=2012-REG&split=Overall","Baltimore Ravens","10","6","0","398","344","44","6-2","4-4"
"http://www.nfl.com/standings?category=div&season=2012-REG&split=Overall","Cincinnati Bengals","10","6","0","391","320","43","4-4","6-2"
"http://www.nfl.com/standings?category=div&season=2012-REG&split=Overall","Pittsburgh Steelers","8","8","0","336","314","36","5-3","3-5"
"http://www.nfl.com/standings?category=div&season=2012-REG&split=Overall","Cleveland Browns","5","11","0","302","368","31","4-4","1-7"
"http://www.nfl.com/standings?category=div&season=2012-REG&split=Overall","Houston Texans","12","4","0","416","331","46","6-2","6-2"
"http://www.nfl.com/standings?category=div&season=2012-REG&split=Overall","Indianapolis Colts","11","5","0","357","387","40","7-1","4-4"
"http://www.nfl.com/standings?category=div&season=2012-REG&split=Overall","Tennessee Titans","6","10","0","330","471","36","4-4","2-6"
"http://www.nfl.com/standings?category=div&season=2012-REG&split=Overall","Jacksonville Jaguars","2","14","0","255","444","26","1-7","1-7"
"http://www.nfl.com/standings?category=div&season=2012-REG&split=Overall","Denver Broncos","13","3","0","481","289","57","7-1","6-2"
"http://www.nfl.com/standings?category=div&season=2012-REG&split=Overall","San Diego Chargers","7","9","0","350","350","39","3-5","4-4"
"http://www.nfl.com/standings?category=div&season=2012-REG&split=Overall","Oakland Raiders","4","12","0","290","443","28","3-5","1-7"
"http://www.nfl.com/standings?category=div&season=2012-REG&split=Overall","Kansas City Chiefs","2","14","0","211","425","18","1-7","1-7"
"http://www.nfl.com/standings?category=div&season=2012-REG&split=Overall","Washington Redskins","10","6","0","436","388","52","5-3","5-3"
"http://www.nfl.com/standings?category=div&season=2012-REG&split=Overall","New York Giants","9","7","0","429","344","47","6-2","3-5"
"http://www.nfl.com/standings?category=div&season=2012-REG&split=Overall","Dallas Cowboys","8","8","0","376","400","41","4-4","4-4"
"http://www.nfl.com/standings?category=div&season=2012-REG&split=Overall","Philadelphia Eagles","4","12","0","280","444","29","2-6","2-6"
"http://www.nfl.com/standings?category=div&season=2012-REG&split=Overall","Green Bay Packers","11","5","0","433","336","53","7-1","4-4"
"http://www.nfl.com/standings?category=div&season=2012-REG&split=Overall","Minnesota Vikings","10","6","0","379","348","39","7-1","3-5"
"http://www.nfl.com/standings?category=div&season=2012-REG&split=Overall","Chicago Bears","10","6","0","375","277","42","5-3","5-3"
"http://www.nfl.com/standings?category=div&season=2012-REG&split=Overall","Detroit Lions","4","12","0","372","437","39","2-6","2-6"
"http://www.nfl.com/standings?category=div&season=2012-REG&split=Overall","Atlanta Falcons","13","3","0","419","299","46","7-1","6-2"
"http://www.nfl.com/standings?category=div&season=2012-REG&split=Overall","Carolina Panthers","7","9","0","357","363","44","3-5","4-4"
"http://www.nfl.com/standings?category=div&season=2012-REG&split=Overall","New Orleans Saints","7","9","0","461","454","58","4-4","3-5"
"http://www.nfl.com/standings?category=div&season=2012-REG&split=Overall","Tampa Bay Buccaneers","7","9","0","389","394","44","3-5","4-4"
"http://www.nfl.com/standings?category=div&season=2012-REG&split=Overall","San Francisco 49ers","11","4","1","397","273","44","6-1-1","5-3"
"http://www.nfl.com/standings?category=div&season=2012-REG&split=Overall","Seattle Seahawks","11","5","0","412","245","49","8-0","3-5"
"http://www.nfl.com/standings?category=div&season=2012-REG&split=Overall","St. Louis Rams","7","8","1","299","348","32","4-4","3-4-1"
"http://www.nfl.com/standings?category=div&season=2012-REG&split=Overall","Arizona Cardinals","5","11","0","250","357","25","4-4","1-7"
"http://www.nfl.com/standings?category=div&season=2013-REG&split=Overall","New England Patriots","12","4","0","444","338","47","8-0","4-4"
"http://www.nfl.com/standings?category=div&season=2013-REG&split=Overall","New York Jets","8","8","0","290","387","27","6-2","2-6"
"http://www.nfl.com/standings?category=div&season=2013-REG&split=Overall","Miami Dolphins","8","8","0","317","335","34","4-4","4-4"
"http://www.nfl.com/standings?category=div&season=2013-REG&split=Overall","Buffalo Bills","6","10","0","339","388","34","4-4","2-6"
"http://www.nfl.com/standings?category=div&season=2013-REG&split=Overall","Cincinnati Bengals","11","5","0","430","305","54","8-0","3-5"
"http://www.nfl.com/standings?category=div&season=2013-REG&split=Overall","Pittsburgh Steelers","8","8","0","379","370","41","5-3","3-5"
"http://www.nfl.com/standings?category=div&season=2013-REG&split=Overall","Baltimore Ravens","8","8","0","320","352","29","6-2","2-6"
"http://www.nfl.com/standings?category=div&season=2013-REG&split=Overall","Cleveland Browns","4","12","0","308","406","35","3-5","1-7"
"http://www.nfl.com/standings?category=div&season=2013-REG&split=Overall","Indianapolis Colts","11","5","0","391","336","40","6-2","5-3"
"http://www.nfl.com/standings?category=div&season=2013-REG&split=Overall","Tennessee Titans","7","9","0","362","381","41","3-5","4-4"
"http://www.nfl.com/standings?category=div&season=2013-REG&split=Overall","Jacksonville Jaguars","4","12","0","247","449","25","1-7","3-5"
"http://www.nfl.com/standings?category=div&season=2013-REG&split=Overall","Houston Texans","2","14","0","276","428","28","1-7","1-7"
"http://www.nfl.com/standings?category=div&season=2013-REG&split=Overall","Denver Broncos","13","3","0","606","399","76","7-1","6-2"
"http://www.nfl.com/standings?category=div&season=2013-REG&split=Overall","Kansas City Chiefs","11","5","0","430","305","52","5-3","6-2"
"http://www.nfl.com/standings?category=div&season=2013-REG&split=Overall","San Diego Chargers","9","7","0","396","348","42","5-3","4-4"
"http://www.nfl.com/standings?category=div&season=2013-REG&split=Overall","Oakland Raiders","4","12","0","322","453","37","3-5","1-7"
"http://www.nfl.com/standings?category=div&season=2013-REG&split=Overall","Philadelphia Eagles","10","6","0","442","382","53","4-4","6-2"
"http://www.nfl.com/standings?category=div&season=2013-REG&split=Overall","Dallas Cowboys","8","8","0","439","432","51","5-3","3-5"
"http://www.nfl.com/standings?category=div&season=2013-REG&split=Overall","New York Giants","7","9","0","294","383","32","4-4","3-5"
"http://www.nfl.com/standings?category=div&season=2013-REG&split=Overall","Washington Redskins","3","13","0","334","478","39","2-6","1-7"
"http://www.nfl.com/standings?category=div&season=2013-REG&split=Overall","Green Bay Packers","8","7","1","417","428","46","4-3-1","4-4"
"http://www.nfl.com/standings?category=div&season=2013-REG&split=Overall","Chicago Bears","8","8","0","445","478","52","5-3","3-5"
"http://www.nfl.com/standings?category=div&season=2013-REG&split=Overall","Detroit Lions","7","9","0","395","376","48","4-4","3-5"
"http://www.nfl.com/standings?category=div&season=2013-REG&split=Overall","Minnesota Vikings","5","10","1","391","480","45","5-3","0-7-1"
"http://www.nfl.com/standings?category=div&season=2013-REG&split=Overall","Carolina Panthers","12","4","0","366","241","42","7-1","5-3"
"http://www.nfl.com/standings?category=div&season=2013-REG&split=Overall","New Orleans Saints","11","5","0","414","304","49","8-0","3-5"
"http://www.nfl.com/standings?category=div&season=2013-REG&split=Overall","Atlanta Falcons","4","12","0","353","443","40","3-5","1-7"
"http://www.nfl.com/standings?category=div&season=2013-REG&split=Overall","Tampa Bay Buccaneers","4","12","0","288","389","31","3-5","1-7"
"http://www.nfl.com/standings?category=div&season=2013-REG&split=Overall","Seattle Seahawks","13","3","0","417","231","45","7-1","6-2"
"http://www.nfl.com/standings?category=div&season=2013-REG&split=Overall","San Francisco 49ers","12","4","0","406","272","44","6-2","6-2"
"http://www.nfl.com/standings?category=div&season=2013-REG&split=Overall","Arizona Cardinals","10","6","0","379","324","41","6-2","4-4"
"http://www.nfl.com/standings?category=div&season=2013-REG&split=Overall","St. Louis Rams","7","9","0","348","364","38","5-3","2-6"
"http://www.nfl.com/standings?category=div&season=2014-REG&split=Overall","New England Patriots","12","4","0","468","313","52","7-1","5-3"
"http://www.nfl.com/standings?category=div&season=2014-REG&split=Overall","Buffalo Bills","9","7","0","343","289","34","5-3","4-4"
"http://www.nfl.com/standings?category=div&season=2014-REG&split=Overall","Miami Dolphins","8","8","0","388","373","42","4-4","4-4"
"http://www.nfl.com/standings?category=div&season=2014-REG&split=Overall","New York Jets","4","12","0","283","401","27","2-6","2-6"
"http://www.nfl.com/standings?category=div&season=2014-REG&split=Overall","Pittsburgh Steelers","11","5","0","436","368","49","6-2","5-3"
"http://www.nfl.com/standings?category=div&season=2014-REG&split=Overall","Cincinnati Bengals","10","5","1","365","344","40","5-2-1","5-3"
"http://www.nfl.com/standings?category=div&season=2014-REG&split=Overall","Baltimore Ravens","10","6","0","409","302","46","6-2","4-4"
"http://www.nfl.com/standings?category=div&season=2014-REG&split=Overall","Cleveland Browns","7","9","0","299","337","32","4-4","3-5"
"http://www.nfl.com/standings?category=div&season=2014-REG&split=Overall","Indianapolis Colts","11","5","0","458","369","53","6-2","5-3"
"http://www.nfl.com/standings?category=div&season=2014-REG&split=Overall","Houston Texans","9","7","0","372","307","40","5-3","4-4"
"http://www.nfl.com/standings?category=div&season=2014-REG&split=Overall","Jacksonville Jaguars","3","13","0","249","412","27","3-5","0-8"
"http://www.nfl.com/standings?category=div&season=2014-REG&split=Overall","Tennessee Titans","2","14","0","254","438","28","1-7","1-7"
"http://www.nfl.com/standings?category=div&season=2014-REG&split=Overall","Denver Broncos","12","4","0","482","354","58","8-0","4-4"
"http://www.nfl.com/standings?category=div&season=2014-REG&split=Overall","Kansas City Chiefs","9","7","0","353","281","40","6-2","3-5"
"http://www.nfl.com/standings?category=div&season=2014-REG&split=Overall","San Diego Chargers","9","7","0","348","348","40","5-3","4-4"
"http://www.nfl.com/standings?category=div&season=2014-REG&split=Overall","Oakland Raiders","3","13","0","253","452","28","3-5","0-8"
"http://www.nfl.com/standings?category=div&season=2014-REG&split=Overall","Dallas Cowboys","12","4","0","467","352","56","4-4","8-0"
"http://www.nfl.com/standings?category=div&season=2014-REG&split=Overall","Philadelphia Eagles","10","6","0","474","400","54","6-2","4-4"
"http://www.nfl.com/standings?category=div&season=2014-REG&split=Overall","New York Giants","6","10","0","380","400","44","3-5","3-5"
"http://www.nfl.com/standings?category=div&season=2014-REG&split=Overall","Washington Redskins","4","12","0","301","438","33","3-5","1-7"
"http://www.nfl.com/standings?category=div&season=2014-REG&split=Overall","Green Bay Packers","12","4","0","486","348","58","8-0","4-4"
"http://www.nfl.com/standings?category=div&season=2014-REG&split=Overall","Detroit Lions","11","5","0","321","282","35","7-1","4-4"
"http://www.nfl.com/standings?category=div&season=2014-REG&split=Overall","Minnesota Vikings","7","9","0","325","343","35","5-3","2-6"
"http://www.nfl.com/standings?category=div&season=2014-REG&split=Overall","Chicago Bears","5","11","0","319","442","40","2-6","3-5"
"http://www.nfl.com/standings?category=div&season=2014-REG&split=Overall","Carolina Panthers","7","8","1","339","374","36","4-4","3-4-1"
"http://www.nfl.com/standings?category=div&season=2014-REG&split=Overall","New Orleans Saints","7","9","0","401","424","49","3-5","4-4"
"http://www.nfl.com/standings?category=div&season=2014-REG&split=Overall","Atlanta Falcons","6","10","0","381","417","42","3-5","3-5"
"http://www.nfl.com/standings?category=div&season=2014-REG&split=Overall","Tampa Bay Buccaneers","2","14","0","277","410","31","0-8","2-6"
"http://www.nfl.com/standings?category=div&season=2014-REG&split=Overall","Seattle Seahawks","12","4","0","394","254","43","7-1","5-3"
"http://www.nfl.com/standings?category=div&season=2014-REG&split=Overall","Arizona Cardinals","11","5","0","310","299","32","7-1","4-4"
"http://www.nfl.com/standings?category=div&season=2014-REG&split=Overall","San Francisco 49ers","8","8","0","306","340","33","4-4","4-4"
"http://www.nfl.com/standings?category=div&season=2014-REG&split=Overall","St. Louis Rams","6","10","0","324","354","36","3-5","3-5"
"http://www.nfl.com/standings?category=div&season=2015-REG&split=Overall","New England Patriots","12","4","0","465","315","52","7-1","5-3"
"http://www.nfl.com/standings?category=div&season=2015-REG&split=Overall","New York Jets","10","6","0","387","314","44","6-2","4-4"
"http://www.nfl.com/standings?category=div&season=2015-REG&split=Overall","Buffalo Bills","8","8","0","379","359","45","5-3","3-5"
"http://www.nfl.com/standings?category=div&season=2015-REG&split=Overall","Miami Dolphins","6","10","0","310","389","39","3-5","3-5"
"http://www.nfl.com/standings?category=div&season=2015-REG&split=Overall","Cincinnati Bengals","12","4","0","419","279","50","6-2","6-2"
"http://www.nfl.com/standings?category=div&season=2015-REG&split=Overall","Pittsburgh Steelers","10","6","0","423","319","45","6-2","4-4"
"http://www.nfl.com/standings?category=div&season=2015-REG&split=Overall","Baltimore Ravens","5","11","0","328","401","33","3-5","2-6"
"http://www.nfl.com/standings?category=div&season=2015-REG&split=Overall","Cleveland Browns","3","13","0","278","432","28","2-6","1-7"
"http://www.nfl.com/standings?category=div&season=2015-REG&split=Overall","Houston Texans","9","7","0","339","313","39","5-3","4-4"
"http://www.nfl.com/standings?category=div&season=2015-REG&split=Overall","Indianapolis Colts","8","8","0","333","408","37","4-4","4-4"
"http://www.nfl.com/standings?category=div&season=2015-REG&split=Overall","Jacksonville Jaguars","5","11","0","376","448","44","4-4","1-7"
"http://www.nfl.com/standings?category=div&season=2015-REG&split=Overall","Tennessee Titans","3","13","0","299","423","37","1-7","2-6"
"http://www.nfl.com/standings?category=div&season=2015-REG&split=Overall","Denver Broncos","12","4","0","355","296","38","6-2","6-2"
"http://www.nfl.com/standings?category=div&season=2015-REG&split=Overall","Kansas City Chiefs","11","5","0","405","287","45","6-2","5-3"
"http://www.nfl.com/standings?category=div&season=2015-REG&split=Overall","Oakland Raiders","7","9","0","359","399","42","3-5","4-4"
"http://www.nfl.com/standings?category=div&season=2015-REG&split=Overall","San Diego Chargers","4","12","0","320","398","35","3-5","1-7"
"http://www.nfl.com/standings?category=div&season=2015-REG&split=Overall","Washington Redskins","9","7","0","388","379","44","6-2","3-5"
"http://www.nfl.com/standings?category=div&season=2015-REG&split=Overall","Philadelphia Eagles","7","9","0","377","430","45","3-5","4-4"
"http://www.nfl.com/standings?category=div&season=2015-REG&split=Overall","New York Giants","6","10","0","420","442","47","3-5","3-5"
"http://www.nfl.com/standings?category=div&season=2015-REG&split=Overall","Dallas Cowboys","4","12","0","275","374","26","1-7","3-5"
"http://www.nfl.com/standings?category=div&season=2015-REG&split=Overall","Minnesota Vikings","11","5","0","365","302","38","6-2","5-3"
"http://www.nfl.com/standings?category=div&season=2015-REG&split=Overall","Green Bay Packers","10","6","0","368","323","42","5-3","5-3"
"http://www.nfl.com/standings?category=div&season=2015-REG&split=Overall","Detroit Lions","7","9","0","358","400","42","4-4","3-5"
"http://www.nfl.com/standings?category=div&season=2015-REG&split=Overall","Chicago Bears","6","10","0","335","397","34","1-7","5-3"
"http://www.nfl.com/standings?category=div&season=2015-REG&split=Overall","Carolina Panthers","15","1","0","500","308","59","8-0","7-1"
"http://www.nfl.com/standings?category=div&season=2015-REG&split=Overall","Atlanta Falcons","8","8","0","339","345","38","4-4","4-4"
"http://www.nfl.com/standings?category=div&season=2015-REG&split=Overall","New Orleans Saints","7","9","0","408","476","51","4-4","3-5"
"http://www.nfl.com/standings?category=div&season=2015-REG&split=Overall","Tampa Bay Buccaneers","6","10","0","342","417","37","3-5","3-5"
"http://www.nfl.com/standings?category=div&season=2015-REG&split=Overall","Arizona Cardinals","13","3","0","489","313","58","6-2","7-1"
"http://www.nfl.com/standings?category=div&season=2015-REG&split=Overall","Seattle Seahawks","10","6","0","423","277","49","5-3","5-3"
"http://www.nfl.com/standings?category=div&season=2015-REG&split=Overall","St. Louis Rams","7","9","0","280","330","31","5-3","2-6"
"http://www.nfl.com/standings?category=div&season=2015-REG&split=Overall","San Francisco 49ers","5","11","0","238","387","24","4-4","1-7"
"http://www.nfl.com/standings?category=div&season=2016-REG&split=Overall","New England Patriots","10","2","0","319","207","37","4-2","6-0"
"http://www.nfl.com/standings?category=div&season=2016-REG&split=Overall","Miami Dolphins","7","5","0","255","278","31","5-1","2-4"
"http://www.nfl.com/standings?category=div&season=2016-REG&split=Overall","Buffalo Bills","6","5","0","281","236","34","3-2","3-3"
"http://www.nfl.com/standings?category=div&season=2016-REG&split=Overall","New York Jets","3","8","0","196","266","21","1-4","2-4"
"http://www.nfl.com/standings?category=div&season=2016-REG&split=Overall","Baltimore Ravens","7","5","0","256","207","24","5-2","2-3"
"http://www.nfl.com/standings?category=div&season=2016-REG&split=Overall","Pittsburgh Steelers","6","5","0","266","222","33","3-2","3-3"
"http://www.nfl.com/standings?category=div&season=2016-REG&split=Overall","Cincinnati Bengals","4","7","1","245","259","26","3-2-1","1-5"
"http://www.nfl.com/standings?category=div&season=2016-REG&split=Overall","Cleveland Browns","0","12","0","197","352","22","0-6","0-6"
"http://www.nfl.com/standings?category=div&season=2016-REG&split=Overall","Houston Texans","6","6","0","207","257","20","5-1","1-5"
"http://www.nfl.com/standings?category=div&season=2016-REG&split=Overall","Tennessee Titans","6","6","0","308","296","38","3-3","3-3"
"http://www.nfl.com/standings?category=div&season=2016-REG&split=Overall","Indianapolis Colts","5","6","0","270","301","30","3-3","2-3"
"http://www.nfl.com/standings?category=div&season=2016-REG&split=Overall","Jacksonville Jaguars","2","10","0","224","313","25","1-5","1-5"
"http://www.nfl.com/standings?category=div&season=2016-REG&split=Overall","Oakland Raiders","9","2","0","307","275","35","4-2","5-0"
"http://www.nfl.com/standings?category=div&season=2016-REG&split=Overall","Kansas City Chiefs","9","3","0","281","242","29","4-1","5-2"
"http://www.nfl.com/standings?category=div&season=2016-REG&split=Overall","Denver Broncos","8","4","0","286","229","30","4-2","4-2"
"http://www.nfl.com/standings?category=div&season=2016-REG&split=Overall","San Diego Chargers","5","6","0","313","291","36","3-2","2-4"
"http://www.nfl.com/standings?category=div&season=2016-REG&split=Overall","Dallas Cowboys","11","1","0","333","228","39","5-1","6-0"
"http://www.nfl.com/standings?category=div&season=2016-REG&split=Overall","New York Giants","8","3","0","231","213","28","5-1","3-2"
"http://www.nfl.com/standings?category=div&season=2016-REG&split=Overall","Washington Redskins","6","4","1","280","264","30","4-2","2-2-1"
"http://www.nfl.com/standings?category=div&season=2016-REG&split=Overall","Philadelphia Eagles","5","7","0","268","245","27","4-1","1-6"
"http://www.nfl.com/standings?category=div&season=2016-REG&split=Overall","Detroit Lions","8","4","0","275","251","28","5-1","3-3"
"http://www.nfl.com/standings?category=div&season=2016-REG&split=Overall","Minnesota Vikings","6","6","0","233","209","26","4-2","2-4"
"http://www.nfl.com/standings?category=div&season=2016-REG&split=Overall","Green Bay Packers","6","6","0","295","302","34","4-2","2-4"
"http://www.nfl.com/standings?category=div&season=2016-REG&split=Overall","Chicago Bears","3","9","0","204","270","23","3-3","0-6"
"http://www.nfl.com/standings?category=div&season=2016-REG&split=Overall","Atlanta Falcons","7","5","0","386","331","44","3-3","4-2"
"http://www.nfl.com/standings?category=div&season=2016-REG&split=Overall","Tampa Bay Buccaneers","6","5","0","249","264","30","2-4","4-1"
"http://www.nfl.com/standings?category=div&season=2016-REG&split=Overall","New Orleans Saints","5","7","0","347","335","42","3-4","2-3"
"http://www.nfl.com/standings?category=div&season=2016-REG&split=Overall","Carolina Panthers","4","7","0","276","281","32","3-3","1-4"
"http://www.nfl.com/standings?category=div&season=2016-REG&split=Overall","Seattle Seahawks","7","3","1","224","187","23","5-0","2-3-1"
"http://www.nfl.com/standings?category=div&season=2016-REG&split=Overall","Arizona Cardinals","4","6","1","245","228","29","3-2-1","1-4"
"http://www.nfl.com/standings?category=div&season=2016-REG&split=Overall","Los Angeles Rams","4","8","0","180","262","19","1-4","3-4"
"http://www.nfl.com/standings?category=div&season=2016-REG&split=Overall","San Francisco 49ers","1","11","0","234","370","26","1-5","0-6"
